-- phpMyAdmin SQL Dump
-- version 5.0.2
-- https://www.phpmyadmin.net/
--
-- Host: db
-- Erstellungszeit: 08. Okt 2020 um 22:28
-- Server-Version: 5.7.30
-- PHP-Version: 7.4.5

SET SQL_MODE = "NO_AUTO_VALUE_ON_ZERO";
START TRANSACTION;
SET time_zone = "+00:00";


/*!40101 SET @OLD_CHARACTER_SET_CLIENT=@@CHARACTER_SET_CLIENT */;
/*!40101 SET @OLD_CHARACTER_SET_RESULTS=@@CHARACTER_SET_RESULTS */;
/*!40101 SET @OLD_COLLATION_CONNECTION=@@COLLATION_CONNECTION */;
/*!40101 SET NAMES utf8mb4 */;

--
-- Daten für Tabelle `kurs`
--

INSERT INTO `kurs` (`kursID`, `titel`, `beschreibung`, `kTyp`, `kursToken`) VALUES
(24, 'Demo - PUMA@LMU', '', 2, '593d4b3870ebb'),
(39, 'Anleitung', '', 2, '593d4b3874558'),
(50, 'SchiLF - Demokurs', '', 2, '59490cc0c1e6f'),
(64, 'Demokurs', '', 2, '59524fe649f36');

--
-- Daten für Tabelle `user`
--

INSERT INTO `user` (`uID`, `name`, `vname`, `geschlecht`, `email`, `username`, `password`, `resetToken`, `bundesland`, `SchulNr`, `registered`, `lastEdit`, `registerToken`) VALUES
(1, 'Admin', 'User', 'm', 'test@test.de', 'admin', 'ba3253876aed6bc22d4a6ff53d8406c6ad864195ed144ab5c87621b6c233b548baeae6956df346ec8c17f5ea10f35ee3cbc514797ed7ddd3145464e2a0bab413', '588241ebeafe5', 1, 999999, '0000-00-00 00:00:00', '2020-10-08 21:20:56', '');

--
-- Daten für Tabelle `module`
--

INSERT INTO `module` (`modID`, `mod_dir`, `mod_show`, `mod_titel`, `mod_add`, `for_kTyp`, `show`, `aktiv`) VALUES
(1, 'module/mod_videovertonung', 'show_aufgabe.php', 'Videovertonung', 'add_task.php', 1, 1, 1),
(2, 'module/mod_videoarchiv', 'show_video.php', 'Videoarchiv', 'add_task.php', 1, 1, 1),
(3, 'module/mod_videoanalyse', 'show_va.php', 'Videoanalyse', 'add_task.php', 1, 1, 1),
(4, 'module/mod_videovertonung', 'show_bewertung.php', 'Videovertonung Besprechung', 'add_korrektur.php', 1, 0, 1),
(5, 'module/mod_videovertonung', 'show_feedback.php', 'Videovertonung Feedback', 'add_feedback.php', 1, 0, 1),
(6, 'module/mod_preasentation', 'show_praesentation.php', 'Präsentationsfolien', 'add_task.php', 2, 1, 1),
(7, 'module/mod_bausteine', 'show_baustein.php', 'Bausteine', 'add_task.php', 1, 0, 1),
(8, 'module/mod_videoanalyse', 'show_feedback.php', 'Videoanalyse Feedback', 'add_feedback.php', 1, 0, 1),
(9, 'module/mod_fotowettbewerb', 'show_fw.php', 'Fotowettbewerb', 'add_task.php', 1, 0, 1),
(10, 'module/mod_fotowettbewerb', 'show_fw_bew.php', 'Fotowettbewerb Bewertung', '', 2, 0, 1);

--
-- Daten für Tabelle `folien`
--

INSERT INTO `folien` (`fID`, `uID`, `kursID`, `modID`, `aTyp`, `zu_fID`, `viewTyp`, `parameter`, `cp_fID`, `tnArr`, `ftoken`) VALUES
(27, 1, 24, 6, 1, 0, 1, '{\"DesignTyp\":1,\"savePraes\":\"1\",\"ftoken\":\"59bf969e418fd\",\"titel\":\"Herzlich Willkommen\",\"fID\":\"27\",\"Baustein_top\":\"1\",\"inhalt_top\":\"&lt;p style=&quot;text-align: center;&quot;&gt;&lt;img src=&quot;../../media/uploads/58bf19809d693.png&quot; width=&quot;268&quot; height=&quot;132&quot; /&gt;&lt;/p&gt;&lt;h3 style=&quot;text-align: center;&quot;&gt;Herzlich Willkommen&lt;/h3&gt;&lt;h1 style=&quot;text-align: center;&quot;&gt;Multimediaanwendungen im Physikunterricht&lt;/h1&gt;&lt;h3 style=&quot;text-align: center;&quot;&gt;&amp;Uuml;bersicht &amp;uuml;ber diverse Funktionen von PUMA@LMU&lt;/h3&gt;&lt;h3 style=&quot;text-align: center;&quot;&gt;LMU M&amp;uuml;nchen&lt;/h3&gt;&lt;h3 style=&quot;text-align: center;&quot;&gt;StR Peter Mayer&lt;/h3&gt;\",\"viewTyp\":\"1\",\"CopyToKursID\":\"\"}', 0, '', '59bf969e418fd'),
(30, 1, 24, 6, 1, 0, 1, '{\"DesignTyp\":2,\"titel\":\"Kontrollfragen\",\"fID\":\"30\",\"Baustein_top\":\"1\",\"inhalt_top\":\"&lt;p&gt;&lt;strong&gt;PUMA@LMU&lt;/strong&gt;&amp;nbsp;bietet Ihnen die M&amp;ouml;glichkeit, individuelle Arbeitsauftr&amp;auml;ge mit Sofortfeedback und/oder Wissenstests &amp;nbsp;im Rahmen von z.B. Grundwissenskatalogen zu erstellen. Die Sch&amp;uuml;lerinnen und Sch&amp;uuml;ler erhalten So unmittelbar eine R&amp;uuml;ckmeldung zu Ihrer Arbeit. Dies ist besonders f&amp;uuml;r die heimische Wiederholung&amp;nbsp;oder auch als Arbeitsauftrag f&amp;uuml;r Vertretungsstunden geeignet.&lt;/p&gt;&lt;p&gt;&amp;nbsp;&lt;/p&gt;\",\"Baustein_1\":\"3\",\"tem_simID_1\":\"8\",\"Baustein_2\":\"5\",\"bID_2\":\"1\",\"viewTyp\":\"1\",\"CopyToKursID\":\"\"}', 0, '', '59bf969e420b2'),
(32, 1, 24, 6, 1, 0, 1, '{\"DesignTyp\":1,\"titel\":\"Videos von Experimenten\",\"fID\":\"32\",\"Baustein_top\":\"1\",\"inhalt_top\":\"&lt;p&gt;&lt;strong&gt;PUMA@LMU&lt;/strong&gt; erm&amp;ouml;glicht Ihnen die einfache und schnelle Integration von Experimentvideos aus der Sammlung der LMU sowie von YouTube Videos z.B. f&amp;uuml;r den Stundeneinstieg, die Wiederholung oder auch&amp;nbsp;zur Aktivierung von Grundwissen.&lt;/p&gt;&lt;p&gt;Aktuell stehen hier&amp;nbsp;mehr als 50 themensortierte Experimentvideos zur Auswahl bereit. Die Videosammlung wird dabei sukzessive erweitert. Am Ende des Video-Projektes sollen mehr als 200 g&amp;auml;ngige Schulexperimente verfilmt sein und &amp;uuml;ber &lt;strong&gt;PUMA@LMU&lt;/strong&gt;&amp;nbsp;zug&amp;auml;nglich gemacht werden.&lt;/p&gt;&lt;p&gt;&amp;nbsp;&lt;/p&gt;\",\"Baustein_1\":\"2\",\"tem_vID_1\":\"56\",\"viewTyp\":\"1\",\"CopyToKursID\":\"\"}', 0, '', '59bf969e42550'),
(33, 1, 24, 6, 1, 0, 1, '{\"DesignTyp\":1,\"titel\":\"Simulationen\",\"fID\":\"33\",\"Baustein_top\":\"1\",\"inhalt_top\":\"&lt;p&gt;&lt;strong&gt;PUMA@LMU&lt;/strong&gt;&amp;nbsp;bietet Ihnen aktuell mehr als 90 unterschiedliche und nach Themen sortierte Simulationen und Animationen zur einfachen Integration in Ihre Folien.&amp;nbsp;&lt;/p&gt;&lt;p&gt;Alle Simulationen und Animationen werden von den einzelnen Seiten der Hersteller/Programmierer eingebunden und wurden von diesen zur Verwendung freigegeben.&lt;/p&gt;&lt;p&gt;Auch die Sammlung an Simulationen und Animationen wird st&amp;auml;ndig erweitert. Sollten Sie diesbez&amp;uuml;glich konkrete W&amp;uuml;nsche haben, k&amp;ouml;nnen Sie diese gerne an uns (&lt;a href=&quot;mailto:pe.mayer@lmu.de&quot;&gt;pe.mayer@lmu.de&lt;/a&gt;) richten.&lt;/p&gt;&lt;p&gt;&amp;nbsp;&lt;/p&gt;\",\"Baustein_1\":\"3\",\"tem_simID_1\":\"10\",\"viewTyp\":\"1\",\"CopyToKursID\":\"\"}', 0, '', '59bf969e42948'),
(34, 1, 24, 6, 1, 0, 1, '{\"DesignTyp\":2,\"savePraes\":\"2\",\"ftoken\":\"59bf969e42ebc\",\"titel\":\"Interaktivit&auml;t\",\"fID\":\"34\",\"Baustein_top\":\"1\",\"inhalt_top\":\"&lt;p&gt;&lt;strong&gt;PUMA@LMU&lt;/strong&gt;&amp;nbsp;bietet verschiedene M&amp;ouml;glichkeiten zur interaktiven Gestaltung von Unterrichtssequenzen oder Arbeitsauftr&amp;auml;gen.&lt;/p&gt;&lt;p&gt;Der Baustein&amp;nbsp;&lt;/p&gt;&lt;ul&gt;&lt;li&gt;&lt;em&gt;WordCloud&lt;/em&gt; eignet sich unter anderem bestens f&amp;uuml;r die heimische Vorbereitung des Einstiegs in ein neues Thmengebiet oder zur Wiederholung von Begriffen am Ende eines Themenbereiches.&amp;nbsp;Nach Abgabe, wird den Sch&amp;uuml;lerinnen und Sch&amp;uuml;lern sofort der aktuelle Stand der WordCloud angezeigt. Diese aktualisiert sich automatisch, sobald von weiteren Sch&amp;uuml;lern eine Abgabe erfolgte.&lt;/li&gt;&lt;li&gt;&lt;em&gt;Abstimmung&lt;/em&gt;&amp;nbsp;eignet sich bestens&amp;nbsp;f&amp;uuml;r&amp;nbsp;die F&amp;ouml;rderung der Sozialkompetenz von Sch&amp;uuml;lerinnen und Sch&amp;uuml;lern, indem sie z.B. w&amp;auml;hren Vertretungsstunden nach einer Abstimmung feststellen, dass Dissenz &amp;uuml;ber die tats&amp;auml;chliche Interpretation eines Sachverhaltes herrscht.&amp;nbsp;Das Abstimmungsergebnis wird je nach Einstellung der Lehrkraft, nach Abgabe sofort angezeigt, oder auch nicht.&lt;/li&gt;&lt;/ul&gt;\",\"Baustein_1\":\"5\",\"bID_1\":\"2\",\"Baustein_2\":\"5\",\"bID_2\":\"3\",\"viewTyp\":\"1\",\"CopyToKursID\":\"\"}', 0, '', '59bf969e42ebc'),
(39, 1, 24, 6, 1, 0, 1, '{\"DesignTyp\":1,\"savePraes\":\"1\",\"ftoken\":\"59bf969e44619\",\"titel\":\"Vielen Dank!\",\"fID\":\"39\",\"Baustein_top\":\"1\",\"inhalt_top\":\"&lt;h4 style=&quot;text-align: center;&quot;&gt;PUMA@LMU ist kostenlos&lt;/h4&gt;&lt;!-- &lt;p style=&quot;text-align: center;&quot;&gt;Wenn wir mit &lt;strong&gt;PUMA@LMU&lt;/strong&gt; Ihr Interesse geweckt haben, dann k&amp;ouml;nnen Sie und Ihre Kolleginnen und Kollegen &lt;strong&gt;PUMA@LMU&lt;/strong&gt;&amp;nbsp;v&amp;ouml;llig kostenlos im Unterricht einsetzen.&amp;nbsp;&lt;/p&gt;&lt;p style=&quot;text-align: center;&quot;&gt;Um Sie und Ihre Kolleginnen und Kollegen in PUMA@LMU einzuf&amp;uuml;hren, komme ich gerne im Rahmen einer Fachsitzung zu Ihnen an die Schule.&lt;/p&gt;&lt;p style=&quot;text-align: center;&quot;&gt;Damit die Einf&amp;uuml;hrung auch als &amp;nbsp;SchiLF &amp;nbsp;gewertet werden kann erhalten Sie zudem einen Einblick in die aktuelle Forschung im Bereich Multimediaeinsatz im Physikunterricht.&lt;/p&gt;&lt;p style=&quot;text-align: center;&quot;&gt;Im Anschluss an die Fortbildung erhalten alle Teilnehmer Zugangsdaten f&amp;uuml;r&amp;nbsp;&amp;nbsp;&lt;strong&gt;PUMA@LMU&lt;/strong&gt;.&lt;/p&gt;&lt;p style=&quot;text-align: center;&quot;&gt;&lt;strong&gt;&lt;span style=&quot;color: #ff0000;&quot;&gt;Ab voraussichtlich Mitte April k&amp;ouml;nnen Sie sich, &amp;uuml;ber den Link bzw. QR-Code auf dem Handout, Termine f&amp;uuml;r eine SchiLF sichern. &lt;br /&gt;&lt;/span&gt;&lt;/strong&gt;&amp;nbsp;&lt;a href=&quot;../mod_kontakt/kontakt.php&quot;&gt;&lt;img style=&quot;display: block; margin-left: auto; margin-right: auto;&quot; src=&quot;uploads/1/58bf06395bcf4.png&quot; width=&quot;132&quot; height=&quot;132&quot; /&gt;&lt;/a&gt;&lt;/p&gt;&lt;p style=&quot;text-align: center;&quot;&gt;&lt;a href=&quot;../mod_kontakt/kontakt.php&quot;&gt;https://www.physik-workshop.de/module/mod_kontakt/kontakt.php&lt;/a&gt;&lt;/p&gt;--&gt;&lt;p style=&quot;text-align: center;&quot;&gt;&amp;nbsp;&lt;/p&gt;&lt;h3 style=&quot;text-align: center;&quot;&gt;Vielen Dank f&amp;uuml;r Ihre Aufmerksamkeit!&lt;/h3&gt;&lt;h4 style=&quot;text-align: center;&quot;&gt;StR Peter Mayer&lt;/h4&gt;\",\"viewTyp\":\"1\",\"CopyToKursID\":\"\"}', 0, '', '59bf969e44619'),
(205, 1, 24, 6, 1, 0, 1, '{\"DesignTyp\":2,\"savePraes\":\"2\",\"ftoken\":\"59bf969e6ede1\",\"titel\":\"Fehlersuche in Videos\",\"fID\":\"205\",\"Baustein_top\":\"1\",\"inhalt_top\":\"&lt;p&gt;YouTube wird von 58% der Sch&amp;uuml;lerinnen und 69% der Sch&amp;uuml;lern als liebstes Internetangebot angegeben (&lt;span style=&quot;color: #0000ff;&quot;&gt;&lt;a style=&quot;color: #0000ff;&quot; href=&quot;https://www.mpfs.de/fileadmin/files/Studien/JIM/2016/JIM_Studie_2016.pdf&quot;&gt;JIM Studie 2016&lt;/a&gt;&lt;/span&gt;). In stetig zunehmendem Ma&amp;szlig;e setzen Sch&amp;uuml;lerinnen und Sch&amp;uuml;ler YouTube h&amp;auml;ufig als Lernhilfen zu Hause ein.&amp;nbsp;Da YouTube allerdings keine Qualit&amp;auml;tssicherung der Videos bietet und jeder ein Video ver&amp;ouml;ffentlichen kann gibt es viele Videos mit teils massiven fachlichen Fehlern, die dem Verst&amp;auml;ndnis des Inhalts entgegenwirken. Deshalb ist es - &lt;span style=&quot;color: #0000ff;&quot;&gt;&lt;a style=&quot;color: #0000ff;&quot; href=&quot;https://www.km.bayern.de/ministerium/schule-und-ausbildung/erziehung/medienerziehung.html&quot;&gt;auch im Sinne des Lehrplans&lt;/a&gt;&lt;/span&gt;&amp;nbsp;- notwendig Sch&amp;uuml;lerinnen und Sch&amp;uuml;ler auf etwaige Fehler hinzuweisen und zu trainieren, wie derartige Fehler gefunden werden k&amp;ouml;nnen.&lt;/p&gt;&lt;p&gt;Der Sch&amp;uuml;ler beschreibt die Fehler und korrigiert sie in Textform. Die Lehrkraft erh&amp;auml;lt sofort nach der Abgabe durch die Sch&amp;uuml;ler eine &amp;Uuml;bersicht &amp;uuml;ber alle Abgaben aller Sch&amp;uuml;ler.&lt;/p&gt;&lt;hr /&gt;&lt;p&gt;&lt;span style=&quot;font-size: 14pt;&quot;&gt;&lt;strong&gt;Beispielaufgabe&lt;/strong&gt;&lt;/span&gt;&lt;/p&gt;&lt;p&gt;In nachfolgendem Erkl&amp;auml;rvideo&amp;nbsp;ist nicht alles physikalisch richtig, was &amp;uuml;ber die elektrische Spannung gesagt wird!&lt;/p&gt;&lt;p&gt;Beschreibe in wenigen S&amp;auml;tzen, was falsch ist und wie es sich tats&amp;auml;chlich verh&amp;auml;lt!&lt;/p&gt;&lt;p&gt;&amp;nbsp;&lt;/p&gt;\",\"Baustein_1\":\"5\",\"bID_1\":\"7\",\"Baustein_2\":\"4\",\"viewTyp\":\"1\",\"CopyToKursID\":\"\"}', 0, '', '59bf969e6ede1'),
(403, 1, 24, 6, 1, 0, 1, '{\"DesignTyp\":2,\"savePraes\":\"2\",\"ftoken\":\"59bf969e9baa5\",\"titel\":\"Vielf&auml;ltige weitere M&ouml;glichkeiten\",\"fID\":\"403\",\"Baustein_1\":\"1\",\"inhalt_1\":\"&lt;h2&gt;Weitere M&amp;ouml;glichkeiten&lt;/h2&gt;&lt;p&gt;Neben den eben gezeigten M&amp;ouml;glichkeiten und Beispielen, bestehen noch zahlreiche weitere M&amp;ouml;glichkeiten, wie beispielsweise das einfache Einbinden von &quot;LearningApps&quot;, Webseiten, PDFs&amp;nbsp; oder auch&lt;/p&gt;&lt;h3&gt;PowerPoint&lt;/h3&gt;&lt;p&gt;Wenn Sie bereits Inhalte f&amp;uuml;r Ihren Unterricht mit PowerPoint erstellt haben, k&amp;ouml;nnen Sie diese einfach in Ihren Online-Kurs integrieren und diese so den Sch&amp;uuml;lerinnen und Sch&amp;uuml;lern zug&amp;auml;nglich machen.&lt;/p&gt;&lt;h3&gt;Mathematische Formelschreibweise&lt;/h3&gt;&lt;p&gt;Es besteht auch die M&amp;ouml;glichkeit, mit Standard - LATEX Code mathematische Formeln an jeder beliebigen Stelle zu integrieren:&lt;/p&gt;&lt;p&gt;&lt;math xmlns=&quot;http://www.w3.org/1998/Math/MathML&quot;&gt;&lt;semantics&gt;&lt;mrow&gt;&lt;msub&gt;&lt;mi&gt;F&lt;/mi&gt;&lt;mi&gt;G&lt;/mi&gt;&lt;/msub&gt;&lt;mo&gt;=&lt;/mo&gt;&lt;mi&gt;G&lt;/mi&gt;&lt;mo&gt;&middot;&lt;/mo&gt;&lt;mfrac&gt;&lt;mrow&gt;&lt;mi&gt;m&lt;/mi&gt;&lt;mo&gt;&middot;&lt;/mo&gt;&lt;mi&gt;M&lt;/mi&gt;&lt;/mrow&gt;&lt;msup&gt;&lt;mi&gt;r&lt;/mi&gt;&lt;mn&gt;2&lt;/mn&gt;&lt;/msup&gt;&lt;/mfrac&gt;&lt;/mrow&gt;&lt;annotation encoding=&quot;LaTeX&quot;&gt;F_G=G\\\\cdot\\\\frac{m\\\\cdot M}{r^2}&lt;/annotation&gt;&lt;/semantics&gt;&lt;/math&gt;&lt;/p&gt;&lt;p&gt;&amp;nbsp;&lt;/p&gt;\",\"Baustein_2\":\"5\",\"bID_2\":\"37\",\"viewTyp\":\"1\",\"CopyToKursID\":\"\"}', 0, '', '59bf969e9baa5'),
(405, 1, 39, 6, 1, 0, 1, '{\"DesignTyp\":2,\"savePraes\":\"3\",\"titel\":\"Kurs erstellen\",\"fID\":\"405\",\"Baustein_top\":\"1\",\"inhalt_top\":\"\",\"Baustein_1\":\"1\",\"inhalt_1\":\"&lt;h2&gt;Kurs erstellen&lt;/h2&gt;&lt;p&gt;Um einen neuen Kurs zu erstellen, gehen Sie wie folgt vor:&lt;/p&gt;&lt;ul&gt;&lt;li&gt;Loggen Sie sich mit Ihren Zugangsdaten ein.&lt;/li&gt;&lt;li&gt;Klicken Sie auf &amp;nbsp;&lt;img src=&quot;../../media/uploads/1_593e558d1ce29.jpg&quot; width=&quot;26&quot; height=&quot;21&quot; /&gt;&amp;nbsp;(links oben im Eck)&lt;/li&gt;&lt;li&gt;Klicken Sie auf den blauen Button&amp;nbsp;&lt;img src=&quot;../../media/uploads/1_593e5611291e5.jpg&quot; width=&quot;178&quot; height=&quot;26&quot; /&gt;&lt;/li&gt;&lt;li&gt;Geben Sie einen Titel f&amp;uuml;r den Kurs ein. Dieser sollte nicht zu lange sein, da er in der Kursauswahl angezeigt werden wird.&lt;/li&gt;&lt;li&gt;Beschreiben Sie den Inhalt des Kurses. Dies ist vor allem dann n&amp;ouml;tig, wenn Sie den Kurs f&amp;uuml;r andere freigeben m&amp;ouml;chten.&lt;/li&gt;&lt;li&gt;W&amp;auml;hlen Sie eine Art des Kurses aus&lt;br /&gt;Der Unterschied zwischen den beiden Arten besteht darin, dass bei &quot;Einzelaufgaben&quot; keine Navigation &amp;uuml;ber &quot;weiter&quot; und &quot;zur&amp;uuml;ck&quot; Button m&amp;ouml;glich ist.&lt;/li&gt;&lt;/ul&gt;&lt;p&gt;&amp;nbsp;&lt;/p&gt;\",\"Baustein_2\":\"1\",\"inhalt_2\":\"&lt;h3&gt;vorher:&lt;/h3&gt;&lt;p&gt;&lt;img src=&quot;../../media/uploads/1_593e55329f9bf.jpg&quot; width=&quot;100%&quot; /&gt;&lt;/p&gt;&lt;h3&gt;nachher:&lt;/h3&gt;&lt;p&gt;&lt;img src=&quot;../../media/uploads/1_593e5746865d5.jpg&quot; width=&quot;100%&quot; /&gt;&lt;/p&gt;\",\"viewTyp\":\"1\",\"CopyToKursID\":\"\"}', 0, '', '59bf969e9c288'),
(406, 1, 39, 6, 1, 0, 1, '{\"DesignTyp\":2,\"titel\":\"Schnellbausteine III - Simulationen / Animationen\",\"fID\":\"406\",\"Baustein_1\":\"1\",\"inhalt_1\":\"&lt;h2&gt;Schnellbausteine III - Simulationen / Animationen&lt;/h2&gt;&lt;p&gt;Tutorial:&lt;/p&gt;&lt;ul&gt;&lt;li&gt;Erstellen Sie eine neue Folie.&lt;/li&gt;&lt;li&gt;W&amp;auml;hlen Sie nun ein zweispaltiges Design&lt;/li&gt;&lt;li&gt;W&amp;auml;hlen Sie in der linken Spalte den Schnellbaustein &quot;Freitext&quot; aus.&lt;/li&gt;&lt;li&gt;W&amp;auml;hlen Sie in der rechten Spalte den Schnellbaustein &quot;Simulation/Animation&quot; aus.&lt;ul&gt;&lt;li&gt;W&amp;auml;hlen Sie danach das Themengebiet &quot;Mechanik&quot;&amp;nbsp;aus.&lt;/li&gt;&lt;li&gt;W&amp;auml;hlen Sie im Anschluss die Simulation &quot;Hebelgesetz&quot; aus.&lt;/li&gt;&lt;/ul&gt;&lt;/li&gt;&lt;li&gt;Unterhalb des grauen Auswahlbereiches sollte es nun so aussehen:&lt;/li&gt;&lt;/ul&gt;&lt;p&gt;&lt;img src=&quot;../../media/uploads/1_593ea305e9820.jpg&quot; width=&quot;100%&quot; /&gt;&lt;/p&gt;&lt;ul&gt;&lt;li&gt;Geben Sie im Eingabeeditor eine Aufgabenbeschreibung ein.&lt;/li&gt;&lt;li&gt;Klicken Sie auf &quot;Speichern&quot; und &amp;uuml;berpr&amp;uuml;fen Sie Ihre Folie mit dem Vorschau-Teilnehmer&lt;/li&gt;&lt;/ul&gt;\",\"Baustein_2\":\"3\",\"tem_simID_2\":\"8\",\"viewTyp\":\"1\",\"CopyToKursID\":\"\"}', 0, '', '59bf969e9c777'),
(407, 1, 39, 6, 1, 0, 1, '{\"DesignTyp\":2,\"titel\":\"Schnellbausteine IV - Eingabefeld f&uuml;r Sch&uuml;ler\",\"fID\":\"407\",\"Baustein_1\":\"1\",\"inhalt_1\":\"&lt;h3&gt;Tutorial:&lt;/h3&gt;&lt;ul&gt;&lt;li&gt;Erstellen Sie eine neue Folie.&lt;/li&gt;&lt;li&gt;W&amp;auml;hlen Sie nun ein zweispaltiges Design&lt;/li&gt;&lt;li&gt;W&amp;auml;hlen Sie in der linken Spalte den Schnellbaustein &quot;Freitext&quot; aus.&lt;/li&gt;&lt;li&gt;W&amp;auml;hlen Sie in der rechten Spalte den Schnellbaustein &quot;Eingabefeld f&amp;uuml;r Sch&amp;uuml;ler&quot; aus&lt;/li&gt;&lt;li&gt;Geben Sie im Eingabeeditor eine Aufgabenbeschreibung ein.&lt;/li&gt;&lt;li&gt;Klicken Sie auf &quot;Speichern&quot; und &amp;uuml;berpr&amp;uuml;fen Sie Ihre Folie mit dem Vorschau-Teilnehmer&lt;/li&gt;&lt;/ul&gt;&lt;h3&gt;Anwendungsbeispiel:&lt;/h3&gt;&lt;p&gt;Mit dieser Methode k&amp;ouml;nnen Sie Sch&amp;uuml;lerinnen und Sch&amp;uuml;ler z.B. eine kurze Beschreibung oder eine Erkl&amp;auml;rung eines Experiments anfertigen lassen.&amp;nbsp;&lt;/p&gt;&lt;p&gt;Diese Ausarbeitungen k&amp;ouml;nnen Sie in einer &amp;uuml;bersichtlichen Ausgabe gesammelt ausdrucken. (Dazu sp&amp;auml;ter mehr!)&lt;/p&gt;\",\"Baustein_2\":\"4\",\"viewTyp\":\"1\",\"CopyToKursID\":\"\"}', 0, '', '59bf969e9cba5'),
(408, 1, 39, 6, 1, 0, 1, '{\"DesignTyp\":2,\"titel\":\"Folien erstellen I\",\"fID\":\"408\",\"Baustein_1\":\"1\",\"inhalt_1\":\"&lt;h2&gt;Folie erstellen I&lt;/h2&gt;&lt;p&gt;&amp;nbsp;Um eine neue Folie zu erstellen, gehen Sie wie folgt vor:&lt;/p&gt;&lt;ul&gt;&lt;li&gt;Loggen Sie sich mit Ihren Zugangsdaten ein.&lt;/li&gt;&lt;li&gt;Klicken Sie auf &amp;nbsp;&lt;img src=&quot;../../media/uploads/1_593e558d1ce29.jpg&quot; width=&quot;26&quot; height=&quot;21&quot; /&gt;&amp;nbsp;(links oben im Eck)&lt;/li&gt;&lt;li&gt;Klicken Sie auf den Button:&amp;nbsp;&lt;img src=&quot;../../media/uploads/1_593e62c0e2b37.jpg&quot; width=&quot;164&quot; height=&quot;24&quot; /&gt;&lt;/li&gt;&lt;li&gt;W&amp;auml;hlen Sie den gew&amp;uuml;nschten Kurs aus, zu dem Sie eine Folie hinzuf&amp;uuml;gen wollen.&lt;/li&gt;&lt;li&gt;Klicken Sie auf &quot;Pr&amp;auml;sentationsfolien&quot;&lt;/li&gt;&lt;/ul&gt;&lt;p&gt;Sie gelangen nun auf eine neue Seite.&lt;/p&gt;&lt;ul&gt;&lt;li&gt;W&amp;auml;hlen Sie das Grunddesign der Folie aus.&lt;br /&gt;(einspaltig, zweispaltig, dreispaltig oder vierspaltig)&lt;/li&gt;&lt;li&gt;Die Spalten 1 bis 4 werden, je nach Auswahl, &amp;uuml;ber die Breite gleichverteilt.&lt;/li&gt;&lt;li&gt;Die Positionen TOP und BOTTOM sind in allen 4 Grunddesigns vorhanden und erstrecken sich jeweils &amp;uuml;ber die gesamte Breite des Bildschirms (95% der Breite)&lt;/li&gt;&lt;li&gt;Jede der 3 bis 7 Positionen kann im Folgenden mit unterschiedlichen Bausteinen gef&amp;uuml;llt werden.&lt;/li&gt;&lt;/ul&gt;\",\"Baustein_2\":\"1\",\"inhalt_2\":\"&lt;p&gt;&lt;img src=&quot;../../media/uploads/1_593e6252d13dd.jpg&quot; width=&quot;100%&quot; /&gt;&lt;/p&gt;&lt;h3 style=&quot;text-align: center;&quot;&gt;\\\\(\\\\Downarrow\\\\)&lt;/h3&gt;&lt;h3 style=&quot;text-align: center;&quot;&gt;&lt;img src=&quot;../../media/uploads/1_593e635b2d716.jpg&quot; width=&quot;100%&quot; /&gt;&lt;/h3&gt;&lt;h3&gt;Grunddesigns: &amp;nbsp;(Bsp. vierspaltig)&lt;/h3&gt;&lt;p&gt;&lt;img src=&quot;../../media/uploads/1_593e826ebe33a.jpg&quot; width=&quot;100%&quot; /&gt;&lt;/p&gt;\",\"viewTyp\":\"1\",\"CopyToKursID\":\"\"}', 0, '', '59bf969e9d04e'),
(409, 1, 39, 6, 1, 0, 1, '{\"DesignTyp\":2,\"titel\":\"&Uuml;bersicht\",\"fID\":\"409\",\"Baustein_1\":\"1\",\"inhalt_1\":\"&lt;h3&gt;Organisation von Inhalten&lt;/h3&gt;&lt;p&gt;Die Organisation aller Inhalte ist sehr analog zu PowerPoint.&lt;/p&gt;&lt;ul&gt;&lt;li&gt;Alle Inhalte sind in Kursen gesammelt (PowerPoint: pptx Datei)&lt;/li&gt;&lt;li&gt;Jeder Kurs kann aus beliebig vielen Folien bestehen.&lt;/li&gt;&lt;li&gt;Jede Folie wiederum kann mehrere Bausteine beinhalten.&lt;br /&gt;Bausteine k&amp;ouml;nnen dabei sein:&lt;ul&gt;&lt;li&gt;Experimentiervideos&lt;/li&gt;&lt;li&gt;Simulationen / Animationen&lt;/li&gt;&lt;li&gt;YouTube Videos&lt;/li&gt;&lt;li&gt;Freitext&lt;/li&gt;&lt;li&gt;Wordclouds&lt;/li&gt;&lt;li&gt;Evaluationsfragen&lt;/li&gt;&lt;li&gt;Kontrollfragen&lt;/li&gt;&lt;li&gt;...&lt;/li&gt;&lt;/ul&gt;&lt;/li&gt;&lt;/ul&gt;\",\"Baustein_2\":\"1\",\"inhalt_2\":\"&lt;p&gt;&lt;img src=&quot;../../media/uploads/1_59381f7b41b52.jpg&quot; width=&quot;100%&quot; /&gt;&lt;/p&gt;\",\"viewTyp\":\"1\",\"CopyToKursID\":\"\"}', 0, '', '59bf969e9d521'),
(410, 1, 39, 6, 1, 0, 1, '{\"DesignTyp\":2,\"titel\":\"Folie erstellen II\",\"fID\":\"410\",\"Baustein_1\":\"1\",\"inhalt_1\":\"&lt;h2&gt;Folie erstellen II&lt;/h2&gt;&lt;p&gt;Jeder Position k&amp;ouml;nnen Sie verschiedene Bausteine zuordnen.&lt;/p&gt;&lt;ul&gt;&lt;li&gt;Schnellbausteine&lt;ul&gt;&lt;li&gt;Freitext&lt;/li&gt;&lt;li&gt;Videos (von Experimenten aus der Sammlung der Didaktik der Phyisk der LMU)&lt;/li&gt;&lt;li&gt;Simulationen / Animationen (aus der Sammlung der Didaktik der Physik der LMU, PhEd und Fendt)&lt;/li&gt;&lt;li&gt;Eingabefeld f&amp;uuml;r Sch&amp;uuml;ler&lt;/li&gt;&lt;/ul&gt;&lt;/li&gt;&lt;li&gt;Bausteine&lt;ul&gt;&lt;li&gt;Kontrollfragen (Sch&amp;uuml;ler k&amp;ouml;nnen Multiple Choice Fragen beantworten und erhalten sofort ein Feedback ob ihre Antwort richtig oder falsch ist.&lt;/li&gt;&lt;li&gt;Word Cloud (Begriffe sammeln)&lt;/li&gt;&lt;li&gt;Abstimmung&lt;/li&gt;&lt;li&gt;YouTube Videos&lt;/li&gt;&lt;li&gt;Evaluationen&lt;/li&gt;&lt;li&gt;Webpages (andere Webseiten werden innerhalb eines iFrames eingebunden)&lt;/li&gt;&lt;/ul&gt;&lt;/li&gt;&lt;/ul&gt;&lt;p&gt;&amp;nbsp;&lt;/p&gt;\",\"Baustein_2\":\"1\",\"inhalt_2\":\"&lt;h3&gt;Schnellbausteine&lt;/h3&gt;&lt;p&gt;&lt;img src=&quot;../../media/uploads/1_593e8513be4f6.jpg&quot; width=&quot;100%&quot; /&gt;&lt;/p&gt;&lt;h3&gt;Bausteine&lt;/h3&gt;&lt;p&gt;&lt;img src=&quot;../../media/uploads/1_593e85fe9e745.jpg&quot; width=&quot;100%&quot; /&gt;&lt;/p&gt;\",\"viewTyp\":\"1\",\"CopyToKursID\":\"\"}', 0, '', '59bf969e9d883'),
(411, 1, 39, 6, 1, 0, 1, '{\"DesignTyp\":1,\"titel\":\"Schnellbausteine I - Video\",\"fID\":\"411\",\"Baustein_1\":\"1\",\"inhalt_1\":\"&lt;h2&gt;Schnellbausteine I - Freitext und Video&lt;/h2&gt;&lt;p&gt;Tutorial:&lt;/p&gt;&lt;ul&gt;&lt;li&gt;W&amp;auml;hlen Sie ein einspaltiges Design&lt;/li&gt;&lt;li&gt;W&amp;auml;hlen Sie f&amp;uuml;r den Bereich&amp;nbsp;&quot;Spalten&quot; den Schnellbaustein &quot;Freitext&quot; aus.&lt;/li&gt;&lt;li&gt;Unterhalb des grauen Auswahlbereiches sollte es nun so aussehen:&lt;/li&gt;&lt;/ul&gt;&lt;p&gt;&lt;img src=&quot;../../media/uploads/1_593e8cc8898e7.jpg&quot; width=&quot;100%&quot; /&gt;&lt;/p&gt;&lt;ul&gt;&lt;li&gt;Geben Sie nun der Folie noch einen Titel. Der Titel sollte kurz und knapp sein, da dieser im Men&amp;uuml; angezeigt wird.&lt;/li&gt;&lt;li&gt;Im Editor k&amp;ouml;nnen Sie nun analog zu PowerPoint Inhalte eintragen / einkopieren etc. Diese werden schlie&amp;szlig;lich auf dieser Seite angezeigt.&lt;/li&gt;&lt;li&gt;Ignorieren Sie vorerst den Bereich &quot;Anzeige&quot; unterhalb des Editors und klicken Sie auf &quot;Speichern&quot;&lt;/li&gt;&lt;/ul&gt;\",\"viewTyp\":\"1\",\"CopyToKursID\":\"\"}', 0, '', '59bf969e9dd70'),
(412, 1, 39, 6, 1, 0, 1, '{\"DesignTyp\":2,\"titel\":\"Schnellbausteine II - Video\",\"fID\":\"412\",\"Baustein_1\":\"1\",\"inhalt_1\":\"&lt;h2&gt;Schnellbausteine II - Video&lt;/h2&gt;&lt;p&gt;Tutorial:&lt;/p&gt;&lt;ul&gt;&lt;li&gt;Erstellen Sie eine neue Folie.&lt;/li&gt;&lt;li&gt;W&amp;auml;hlen Sie nun ein zweispaltiges Design&lt;/li&gt;&lt;li&gt;W&amp;auml;hlen Sie in der linken Spalte den Schnellbaustein &quot;Freitext&quot; aus.&lt;/li&gt;&lt;li&gt;W&amp;auml;hlen Sie in der rechten Spalte den Schnellbaustein &quot;Video&quot; aus.&lt;ul&gt;&lt;li&gt;W&amp;auml;hlen Sie danach das Themengebiet &quot;W&amp;auml;remelehre&quot;&amp;nbsp;aus.&lt;/li&gt;&lt;li&gt;W&amp;auml;hlen Sie im Anschluss das Video &quot;Konvektionsstr&amp;ouml;mung&quot; aus.&lt;/li&gt;&lt;/ul&gt;&lt;/li&gt;&lt;li&gt;Unterhalb des grauen Auswahlbereiches sollte es nun so aussehen:&lt;/li&gt;&lt;/ul&gt;&lt;p&gt;&lt;img src=&quot;../../media/uploads/1_593e8a837150e.jpg&quot; width=&quot;100%&quot; /&gt;&lt;/p&gt;&lt;ul&gt;&lt;li&gt;Geben Sie nun der Folie noch einen Titel. Der Titel sollte kurz und knapp sein, da dieser im Men&amp;uuml; angezeigt wird.&lt;/li&gt;&lt;li&gt;Geben Sie im linken Eingabefeld den gew&amp;uuml;nschten Text ein.&lt;/li&gt;&lt;li&gt;Klicken Sie im Anschluss auf Speichern.&lt;/li&gt;&lt;li&gt;Begutachten Sie Ihre Folie mit Hilfe des Vorschau-Teilnehmers&lt;/li&gt;&lt;/ul&gt;\",\"Baustein_2\":\"2\",\"tem_vID_2\":\"51\",\"viewTyp\":\"1\",\"CopyToKursID\":\"\"}', 0, '', '59bf969e9e2f2'),
(414, 1, 39, 6, 1, 0, 1, '{\"DesignTyp\":2,\"titel\":\"Teilnehmer erstellen + Vorschau\",\"fID\":\"414\",\"Baustein_1\":\"1\",\"inhalt_1\":\"&lt;h2 id=&quot;mcetoc_1bie6i86j0&quot;&gt;Teilnehmer erstellen + Vorschau&lt;/h2&gt;&lt;ul&gt;&lt;li&gt;Damit Sie die erstellte Folien betrachten k&amp;ouml;nnen, Klicken Sie bitte auf&amp;nbsp;&lt;img src=&quot;../../media/uploads/1_593e558d1ce29.jpg&quot; alt=&quot;&quot; width=&quot;34&quot; height=&quot;27&quot; /&gt;&amp;nbsp;&lt;/li&gt;&lt;li&gt;und anschlie&amp;szlig;end auf&amp;nbsp;&lt;img src=&quot;../../media/uploads/1_593e90bd78652.jpg&quot; width=&quot;194&quot; height=&quot;29&quot; /&gt;&lt;/li&gt;&lt;li&gt;Sie haben nun verschiedene M&amp;ouml;glichkeiten um Teilnehmer dem Kurs zuzuordnen.&lt;ul&gt;&lt;li&gt;&lt;strong&gt;Manuell&lt;/strong&gt;&lt;br /&gt;Manuell einen neuen Teilnehmer mit Name, Vorname, Geschlecht eintragen&lt;/li&gt;&lt;li&gt;&lt;strong&gt;Anonymous-Teilnehmer erstellen&lt;/strong&gt;&lt;br /&gt;Geben Sie einfach einen kurzen, beliebigen Pr&amp;auml;fix ein, der jedem namen vorangestellt werden soll und geben Sie die Anzahl der Teilnehmer an, die Sie erstellen m&amp;ouml;chten.&lt;/li&gt;&lt;li&gt;&lt;strong&gt;Teilnehmerliste importieren&lt;/strong&gt;&lt;br /&gt;Bei ganzen Klassen macht es h&amp;auml;ufig sinn, eine Excel-Datei zu erstellen in der alle Sch&amp;uuml;ler aufgef&amp;uuml;hrt sind um diese schlie&amp;szlig;lich auf einmal zu importieren. Beachten Sie hierzu bitte die Demo-Datei&lt;/li&gt;&lt;li&gt;&lt;strong&gt;Teilnehmer aus anderen Kursen zu diesem Kurs hinzuf&amp;uuml;gen&lt;/strong&gt;&lt;br /&gt;Wenn Sie bereits Teilnehmer in einem anderen Kurs erstellt haben, k&amp;ouml;nnen Sie diesen Teilnehmern auch den aktuell ausgew&amp;auml;hlten Kurs freigeben. Dies macht insbesondere f&amp;uuml;r Sch&amp;uuml;ler sinn, da diese so nur einen Zugangstoken ben&amp;ouml;tigen!&lt;/li&gt;&lt;/ul&gt;&lt;/li&gt;&lt;li&gt;Erstellen Sie zu Demo-Zwecken nun 5 Anonymous-Teilnehmer mit dem Pr&amp;auml;fix &quot;Test1&quot;&lt;/li&gt;&lt;li&gt;in der rechten Spalte finden Sie nun die 5 neu erstellten Teilnehmer. Kopieren Sie einen der &quot;Token&quot; mit Strg + c&lt;/li&gt;&lt;li&gt;Klicken Sie in der Men&amp;uuml;leiste auf&amp;nbsp;&lt;img src=&quot;../../media/uploads/1_593e930f92c95.jpg&quot; width=&quot;27&quot; height=&quot;26&quot; /&gt;&lt;/li&gt;&lt;li&gt;F&amp;uuml;gen Sie den Token in die Eingabezeile ein und Klicken Sie auf &quot;Token &amp;uuml;berpr&amp;uuml;fen&quot;&lt;/li&gt;&lt;li&gt;In der Folge werden alle Kurse aufgelistet, zu denen der eingegebene Token Zugang hat.&lt;/li&gt;&lt;/ul&gt;&lt;p style=&quot;text-align: center;&quot;&gt;&lt;img src=&quot;../../media/uploads/1_593e93c5a5396.jpg&quot; width=&quot;312&quot; height=&quot;266&quot; /&gt;&lt;/p&gt;&lt;ul&gt;&lt;li&gt;Klicken Sie nun auf &quot;Test Kurs 1&quot;&lt;/li&gt;&lt;li&gt;Sie betreten nun automatisch in den ausgew&amp;auml;hlten Kurs und sehen die erste Folie.&lt;/li&gt;&lt;/ul&gt;\",\"Baustein_2\":\"1\",\"inhalt_2\":\"&lt;p&gt;&lt;img src=&quot;../../media/uploads/1_593e9292bea83.jpg&quot; width=&quot;100%&quot; /&gt;&lt;/p&gt;\",\"viewTyp\":\"1\",\"CopyToKursID\":\"\"}', 0, '', '59bf969e9ec6d'),
(428, 1, 39, 6, 1, 0, 1, '{\"DesignTyp\":2,\"titel\":\"Bausteine II - Word Cloud\",\"fID\":\"428\",\"Baustein_1\":\"1\",\"inhalt_1\":\"&lt;h2&gt;Bausteine II - Word&amp;nbsp;Cloud&lt;/h2&gt;&lt;h3&gt;Tutorial:&lt;/h3&gt;&lt;ul&gt;&lt;li&gt;Erstellen Sie eine neue Folie.&lt;/li&gt;&lt;li&gt;W&amp;auml;hlen Sie nun ein zweispaltiges Design&lt;/li&gt;&lt;li&gt;W&amp;auml;hlen Sie in der linken Spalte den Schnellbaustein &quot;Simulation/Animation&quot; aus.&lt;/li&gt;&lt;li&gt;W&amp;auml;hlen Sie dann unter &quot;Schwingungen und Wellen&quot; die Simulation &quot;Interferenz von Licht am Doppelspalt&quot;&lt;/li&gt;&lt;li&gt;W&amp;auml;hlen Sie in der rechten Spalte den Schnellbaustein &quot;Word Cloud&quot; aus&lt;/li&gt;&lt;li&gt;Falls Sie noch keine &quot;Word Cloud&quot; erstellt haben, finden Sie hier lediglich den gr&amp;uuml;nen Button &quot;Word Cloud erstellen&quot;.&amp;nbsp;&lt;/li&gt;&lt;li&gt;Mit einem Klick auf diesen Button &amp;ouml;ffnet sich ein neues Fenster in dem Sie eine Word Cloud erstellen k&amp;ouml;nnen. (vgl. rechts)&lt;ul&gt;&lt;li&gt;Geben Sie einen Titel der Word Cloud&amp;nbsp;ein (f&amp;uuml;r Ihre Referenz -&amp;gt; der Titel wird ansonsten nirgens angezeigt.)&lt;/li&gt;&lt;li&gt;Formulieren Sie die Frage / die Aufgabe&lt;/li&gt;&lt;li&gt;Speichern Sie die Word Cloud&amp;nbsp;und schlie&amp;szlig;en Sie da zus&amp;auml;tzliche Fenster.&lt;/li&gt;&lt;li&gt;Wechseln Sie wieder zur&amp;uuml;ck zur urspr&amp;uuml;nglichen Folie.&lt;/li&gt;&lt;/ul&gt;&lt;/li&gt;&lt;li&gt;Die eben erstellte Word Cloud&amp;nbsp;kann erst nach dem Speichern der Folie ausgew&amp;auml;hlt werden. Speichern Sie die Folie und &amp;ouml;ffnen Sie diese dann erneut zum Bearbeiten.&lt;/li&gt;&lt;li&gt;W&amp;auml;hlen Sie in der rechten Spalte wieder den Baustein &quot;Word Cloud&amp;nbsp;&quot; aus und klicken Sie auf die von Ihnen eben erstellte Word Cloud.&lt;/li&gt;&lt;li&gt;Speichern Sie die Folie und &amp;uuml;berpr&amp;uuml;fen Sie die Funktion mit Hilfe des Vorschau-Teilnehmers.&lt;/li&gt;&lt;/ul&gt;\",\"Baustein_2\":\"1\",\"inhalt_2\":\"&lt;p&gt;&lt;img src=&quot;../../media/uploads/1_593eae3e73181.jpg&quot; width=&quot;100%&quot; /&gt;&lt;/p&gt;\",\"viewTyp\":\"1\",\"CopyToKursID\":\"\"}', 0, '', '59bf969ea1cf3'),
(429, 1, 39, 6, 1, 0, 1, '{\"DesignTyp\":2,\"titel\":\"Bausteine I - Kontrollfragen\",\"fID\":\"0\",\"Baustein_1\":\"1\",\"inhalt_1\":\"&lt;h2 id=&quot;mcetoc_1biebu8rf0&quot;&gt;Bausteine I - Kontrollfragen&lt;/h2&gt;&lt;h3 id=&quot;mcetoc_1biebu8rg1&quot;&gt;Tutorial:&lt;/h3&gt;&lt;ul&gt;&lt;li&gt;Erstellen Sie eine neue Folie.&lt;/li&gt;&lt;li&gt;W&amp;auml;hlen Sie nun ein zweispaltiges Design&lt;/li&gt;&lt;li&gt;W&amp;auml;hlen Sie in der linken Spalte den Schnellbaustein &quot;Simulation/Animation&quot; aus.&lt;/li&gt;&lt;li&gt;W&amp;auml;hlen Sie unter dem Themengebiet &quot;Mechanik&quot; die Simulation &quot;Hebelgesetz&quot; aus.&lt;/li&gt;&lt;li&gt;W&amp;auml;hlen Sie in der rechten Spalte den Baustein &quot;Kontrollfragen&quot; aus.&lt;/li&gt;&lt;li&gt;Sollten Sie bisher noch keine Kontrollfragen angelegt haben, finden Sie hier nur den gr&amp;uuml;nen Button &quot;Kontrollfrage erstellen&quot;&lt;/li&gt;&lt;li&gt;Mit einem Klick auf diesen Button &amp;ouml;ffnet sich ein neues Fenster in dem Sie eine Kontrollfrage erstellen k&amp;ouml;nnen. (vgl. rechts)&lt;ul&gt;&lt;li&gt;Geben Sie einen Titel der Kontrollfrage ein (f&amp;uuml;r Ihre Referenz -&amp;gt; der Titel wird ansonsten nirgens angezeigt.)&lt;/li&gt;&lt;li&gt;Formulieren Sie die Frage / die Aufgabe&lt;/li&gt;&lt;li&gt;Legen Sie beliebig viele Antwortoptionen an.&lt;/li&gt;&lt;li&gt;Zu jeder Antwortoption k&amp;ouml;nnen Sie im dazugeh&amp;ouml;rigen Eingabefeld eine kurze Erkl&amp;auml;rung / Erl&amp;auml;uterung eingeben, die dem Sch&amp;uuml;ler angezeigt wird, nachdem er die Fragen beantwortet hat.&lt;/li&gt;&lt;li&gt;Legen Sie mindestens 4 Antwortoptionen an. Dabei k&amp;ouml;nnen Sie beliebig viele Antworten als richtig oder falsch markieren.&lt;/li&gt;&lt;li&gt;Speichern Sie die Kontrollfrage und schlie&amp;szlig;en Sie da zus&amp;auml;tzliche Fenster.&lt;/li&gt;&lt;li&gt;Wechseln Sie wieder zur&amp;uuml;ck zur urspr&amp;uuml;nglichen Folie.&lt;/li&gt;&lt;/ul&gt;&lt;/li&gt;&lt;li&gt;Die eben erstellte Kontrollfrage kann erst nach dem Speichern der Folie ausgew&amp;auml;hlt werden. Speichern Sie die Folie und &amp;ouml;ffnen Sie diese dann erneut zum Bearbeiten.&lt;/li&gt;&lt;li&gt;W&amp;auml;hlen Sie in der rechten Spalte wieder den Baustein &quot;Kontrollfragen&quot; aus und klicken Sie auf die von Ihnen eben erstellte Kontrollfrage.&lt;/li&gt;&lt;li&gt;Speichern Sie die Folie und &amp;uuml;berpr&amp;uuml;fen Sie die Funktion mit Hilfe des Vorschau-Teilnehmers.&lt;/li&gt;&lt;/ul&gt;\",\"Baustein_2\":\"1\",\"inhalt_2\":\"&lt;p&gt;&lt;img src=&quot;../../media/uploads/1_593ea9272167b.jpg&quot; width=&quot;100%&quot; /&gt;&lt;/p&gt;\",\"viewTyp\":\"1\",\"CopyToKursID\":\"\"}', 0, '', '59bf969ea206d'),
(434, 1, 39, 6, 1, 0, 1, '{\"DesignTyp\":2,\"titel\":\"Bausteine IV - Abstimmung\",\"fID\":\"434\",\"Baustein_1\":\"1\",\"inhalt_1\":\"&lt;h2 id=&quot;mcetoc_1bigu5svl0&quot;&gt;Bausteine IV - Abstimmung&lt;/h2&gt;&lt;h3 id=&quot;mcetoc_1bigu5svl1&quot;&gt;Tutorial:&lt;/h3&gt;&lt;ul&gt;&lt;li&gt;Erstellen Sie eine neue Folie.&lt;/li&gt;&lt;li&gt;W&amp;auml;hlen Sie nun ein einspaltiges Design&lt;/li&gt;&lt;li&gt;W&amp;auml;hlen Sie im Bereich Spalte den Baustein &quot;Abstimmung&quot; aus.&lt;/li&gt;&lt;li&gt;Falls Sie noch keine &quot;Abstimmung&quot; erstellt haben, finden Sie hier lediglich den gr&amp;uuml;nen Button &quot;Abstimmung erstellen&quot;.&amp;nbsp;&lt;/li&gt;&lt;li&gt;Mit einem Klick auf diesen Button &amp;ouml;ffnet sich ein neues Fenster in dem Sie eine Abstimmung&amp;nbsp;erstellen k&amp;ouml;nnen. (vgl. rechts)&lt;ul&gt;&lt;li&gt;Geben Sie einen Titel der&amp;nbsp;Abstimmung ein (f&amp;uuml;r Ihre Referenz -&amp;gt; der Titel wird ansonsten nirgens angezeigt.)&lt;/li&gt;&lt;li&gt;Formulieren Sie die Frage / die Aufgabe &amp;uuml;ber die Sie abstimmen lassen m&amp;ouml;chten.&lt;/li&gt;&lt;li&gt;Geben Sie die Auswahloptionen ein.&lt;/li&gt;&lt;li&gt;W&amp;auml;hlen Sie aus, ob der Teilnehmer eine oder mehrere Optionen w&amp;auml;hlen darf.&lt;/li&gt;&lt;li&gt;Speichern Sie die Abstimmung, schlie&amp;szlig;en Sie das zus&amp;auml;tzliche Fenster und wechseln Sie wieder zur&amp;uuml;ck zur urspr&amp;uuml;nglichen Folie.&lt;/li&gt;&lt;/ul&gt;&lt;/li&gt;&lt;li&gt;Die eben erstellte Abstimmung&amp;nbsp;kann erst nach dem Speichern der Folie ausgew&amp;auml;hlt werden. Speichern Sie die Folie und &amp;ouml;ffnen Sie diese dann erneut zum Bearbeiten.&lt;/li&gt;&lt;li&gt;W&amp;auml;hlen Sie im Bereich Spalte wieder den Baustein &quot;Abstimmung &quot; aus und klicken Sie auf die von Ihnen eben erstellte Abstimmung.&lt;/li&gt;&lt;li&gt;Speichern Sie die Folie und &amp;uuml;berpr&amp;uuml;fen Sie die Funktion mit Hilfe des Vorschau-Teilnehmers.&lt;/li&gt;&lt;/ul&gt;&lt;h3 id=&quot;mcetoc_1bigu5svl2&quot;&gt;Anwendungsbeispiel&lt;/h3&gt;&lt;p&gt;Vor einer Wiederholungseinheit zum Thema Lichtbrechung wird den Sch&amp;uuml;lerinnen und Sch&amp;uuml;lern ein Szenario einer Fischjagd mit einem Sper gezeigt, das keine Aufl&amp;ouml;sung o.&amp;auml;. enth&amp;auml;lt. Die Sch&amp;uuml;ler stimmen &amp;uuml;ber die sinnvolle Anweisung an den J&amp;auml;ger/Fischer ab. Ohne die Ergebnisse der Abstimmung zu sehen, arbeiten die Sch&amp;uuml;ler im Anschluss eine kurze Lerneinheit durch, &amp;nbsp;in der das Prinzip der Lichtbrechung wiederholt wird. Am Ende steht eine erneute Abstimmung &amp;uuml;ber die sinnvolle Anweisung an den J&amp;auml;ger.&lt;/p&gt;&lt;h3 id=&quot;mcetoc_1bigu609f4&quot;&gt;Vorteile&lt;/h3&gt;&lt;ul&gt;&lt;li&gt;unabh&amp;auml;ngige Abstimmung ohne Beeinflussung durch Klassenkameraden&lt;/li&gt;&lt;li&gt;vorher / nachher Ver&amp;auml;nderungen&lt;/li&gt;&lt;/ul&gt;&lt;h3 id=&quot;mcetoc_1bigu5svl3&quot;&gt;m&amp;ouml;gliche Lernziele&lt;/h3&gt;&lt;ul&gt;&lt;li&gt;Die Sch&amp;uuml;lerinnen und Sch&amp;uuml;ler&amp;nbsp;wiederholen bereits gelernte Inhalte.&lt;br /&gt;(Anforderungsbereich I)&lt;/li&gt;&lt;li&gt;Die Sch&amp;uuml;lerinnen und Sch&amp;uuml;ler vernetzen bereits gelernte Inhalte mit konkreten Anwendungsszenarien.&lt;br /&gt;(Anforderungsbereich II)&lt;/li&gt;&lt;/ul&gt;\",\"Baustein_2\":\"1\",\"inhalt_2\":\"&lt;p&gt;&lt;img src=&quot;../../media/uploads/1_593ff5c8709ec.jpg&quot; width=&quot;100%&quot; /&gt;&lt;/p&gt;\",\"viewTyp\":\"1\",\"CopyToKursID\":\"\"}', 0, '', '59bf969ea3680'),
(435, 1, 39, 6, 1, 0, 1, '{\"DesignTyp\":2,\"savePraes\":\"2\",\"titel\":\"Bausteine III - YouTube Videos\",\"fID\":\"435\",\"Baustein_1\":\"1\",\"inhalt_1\":\"&lt;h2&gt;Bausteine III - YouTube Videos&lt;/h2&gt;&lt;h3&gt;Tutorial:&lt;/h3&gt;&lt;ul&gt;&lt;li&gt;Erstellen Sie eine neue Folie.&lt;/li&gt;&lt;li&gt;W&amp;auml;hlen Sie nun ein zweispaltiges Design&lt;/li&gt;&lt;li&gt;W&amp;auml;hlen Sie im TOP Bereich den Baustein &quot;Freitext&quot; aus&lt;/li&gt;&lt;li&gt;W&amp;auml;hlen Sie in der rechten Spalte den Baustein &quot;Eingabefeld f&amp;uuml;r Sch&amp;uuml;ler&quot; aus&lt;/li&gt;&lt;li&gt;W&amp;auml;hlen Sie in der linken Spalte den Baustein &quot;YouTube Videos&quot; aus.&lt;/li&gt;&lt;li&gt;Falls Sie noch keine YouTube Videos eingebunden haben, finden Sie hier lediglich den gr&amp;uuml;nen Button &quot;YouTube Videos hinzuf&amp;uuml;gen &amp;amp; editieren&quot;.&amp;nbsp;&lt;/li&gt;&lt;li&gt;Mit einem Klick auf diesen Button &amp;ouml;ffnet sich ein neues Fenster in dem Sie ein neues YouTube Video einbinden k&amp;ouml;nnen. (vgl. rechts)&lt;ul&gt;&lt;li&gt;Geben Sie einen Titel f&amp;uuml;r das Video / den Baustein&amp;nbsp;ein (f&amp;uuml;r Ihre Referenz -&amp;gt; der Titel wird ansonsten nirgens angezeigt.)&lt;/li&gt;&lt;li&gt;Suchen Sie in einem neuen Tab auf YouTube das gew&amp;uuml;nschte Video und spielen Sie es ab.&lt;/li&gt;&lt;li&gt;Kopieren Sie die URL (=Adresse) des YouTube Videos mit Strg + c&lt;/li&gt;&lt;li&gt;F&amp;uuml;gen Sie die URL in das Feld &quot;YouTube Link&quot; mit Strg + v ein.&lt;/li&gt;&lt;li&gt;Klicken Sie auf &quot;erweiterte Einstellungen&quot;&lt;/li&gt;&lt;li&gt;Geben Sie an, zwischen welchen Zeitpunkten das Video abgespielt werdne soll.&lt;br /&gt;(von 0H0M0S bis 0H0M0S bedeutet, dass das gesamte Video abgespielt wird)&lt;/li&gt;&lt;li&gt;Speichern Sie den Baustein und schlie&amp;szlig;en Sie dieses Fenster.&lt;/li&gt;&lt;/ul&gt;&lt;/li&gt;&lt;li&gt;Da das&amp;nbsp;eben erstellte YouTube Video erst nach dem Speichern der Folie ausgew&amp;auml;hlt werden kann. Speichern Sie die Folie und &amp;ouml;ffnen Sie diese dann erneut zum Bearbeiten.&lt;/li&gt;&lt;li&gt;W&amp;auml;hlen Sie in der rechten Spalte wieder den Baustein &quot;YouTube Videos&quot; aus und klicken Sie auf die von Ihnen eben erstellte YouTube Video.&lt;/li&gt;&lt;li&gt;Speichern Sie die Folie und &amp;uuml;berpr&amp;uuml;fen Sie die Funktion mit Hilfe des Vorschau-Teilnehmers.&lt;/li&gt;&lt;/ul&gt;&lt;h3&gt;Anwendungsbeispiel&lt;/h3&gt;&lt;p&gt;Am Ende einer Lerneinheit kann z.B. das obengenannte Video gezeigt werden, das (wie SEHR viele andere YouTube Videos auch) schockierende fachliche Fehler enth&amp;auml;lt. Die Sch&amp;uuml;lerinnen und Sch&amp;uuml;ler sollen z.B. als Hausaufgabe im nebenstehendem Eingabefeld Fehler finden und das Gesagte verbessern.&amp;nbsp;&lt;/p&gt;&lt;h3&gt;m&amp;ouml;gliche Lernziele&lt;/h3&gt;&lt;ul&gt;&lt;li&gt;Die Sch&amp;uuml;lerinnen und Sch&amp;uuml;ler vergleichen die gelernten Inhalte mit den Inhalten des Videos&lt;br /&gt;(Anforderungsbereich I + II)&lt;/li&gt;&lt;li&gt;Die Sch&amp;uuml;lerinnen und Sch&amp;uuml;ler kennzeichnen Fehler im Video&amp;nbsp;&lt;br /&gt;(Anforderungsbereich II)&lt;/li&gt;&lt;li&gt;Die Sch&amp;uuml;lerinnen und Sch&amp;uuml;ler nehmen zu den Inhalten im Video Stellung&lt;br /&gt;(Anforderungsbereich III)&lt;/li&gt;&lt;li&gt;Die Sch&amp;uuml;lerinnen und Sch&amp;uuml;ler bewerten und korrigieren die Inhalte des Videos.&lt;br /&gt;(Anforderungsbereich III)&lt;/li&gt;&lt;/ul&gt;\",\"Baustein_2\":\"1\",\"inhalt_2\":\"&lt;p&gt;&lt;img src=&quot;../../media/uploads/1_593fdd5a3e646.jpg&quot; alt=&quot;&quot; width=&quot;100%&quot; /&gt;&lt;/p&gt;&lt;p&gt;&lt;img src=&quot;../../media/uploads/1_593fdef7b4caa.jpg&quot; alt=&quot;&quot; width=&quot;100%&quot; /&gt;&lt;/p&gt;\",\"viewTyp\":\"1\",\"CopyToKursID\":\"\"}', 0, '', '59bf969ea3d0a'),
(520, 1, 39, 6, 1, 0, 1, '{\"DesignTyp\":2,\"savePraes\":\"2\",\"ftoken\":\"59bf969eb66e6\",\"titel\":\"Anwendung - Abstimmung\",\"fID\":\"520\",\"Baustein_top\":\"1\",\"inhalt_top\":\"&lt;h2&gt;Anwendung - Abstimmung&lt;/h2&gt;&lt;p&gt;Zu Beginn einer Lerneinheit wird den Sch&amp;uuml;lern eine Frage zur&amp;nbsp;Abstimmung gestellt.&lt;/p&gt;&lt;p&gt;Danach arbeiten die Sch&amp;uuml;ler selbst&amp;auml;ndig die Online-Materialien durch.&lt;/p&gt;&lt;p&gt;Am Ende wird den Sch&amp;uuml;lern nochmals die gleiche Frage gestellt.&lt;/p&gt;&lt;p&gt;Sie als Lehrkraft k&amp;ouml;nnen dann die Ergebnisse im Vorher-Nachher - Design vergleichen.&lt;/p&gt;\",\"Baustein_1\":\"1\",\"inhalt_1\":\"&lt;p&gt;&lt;img src=&quot;../../media/uploads/1_594900ecefaaa.jpg&quot; width=&quot;100%&quot; /&gt;&lt;/p&gt;\",\"Baustein_2\":\"1\",\"inhalt_2\":\"&lt;p&gt;&lt;img src=&quot;../../media/uploads/1_594900eb4ec7b.jpg&quot; width=&quot;100%&quot; /&gt;&lt;/p&gt;\",\"viewTyp\":\"1\",\"CopyToKursID\":\"\"}', 0, '', '59bf969eb66e6'),
(522, 1, 50, 6, 1, 0, 1, '{\"DesignTyp\":2,\"savePraes\":\"2\",\"ftoken\":\"59bf969eb6e12\",\"titel\":\"Tutorial - Schritt 1 - Texte, Formeln und Bilder\",\"fID\":\"522\",\"Baustein_top\":\"1\",\"inhalt_top\":\"&lt;h2&gt;Tutorial 1 - Texte, Formeln und Bilder&lt;/h2&gt;&lt;hr /&gt;&lt;p&gt;&amp;nbsp;&lt;/p&gt;\",\"Baustein_1\":\"1\",\"inhalt_1\":\"&lt;h2&gt;Kepler 1&lt;/h2&gt;&lt;p&gt;Die Planeten bewegen sich auf Ellipsenbahnen, in deren einem Brennpunkt die Sonne steht.&lt;/p&gt;&lt;h2&gt;Kepler 2&lt;/h2&gt;&lt;p&gt;In gleichen Zeiten &amp;uuml;berstreicht die Verbindungslinie Sonne-Planet&amp;nbsp;gleiche Fl&amp;auml;chen.&lt;/p&gt;&lt;h2&gt;Kepler 3&lt;/h2&gt;&lt;p&gt;Die Quadrate der Umlaufzeiten zweier Planeten verhalten sich wie die dritten Potenzen ihrer gro&amp;szlig;en Halbachsen.&lt;/p&gt;&lt;p&gt;&amp;nbsp;&lt;/p&gt;&lt;p&gt;&lt;math xmlns=&quot;http://www.w3.org/1998/Math/MathML&quot;&gt;&lt;mfrac&gt;&lt;msup&gt;&lt;mi&gt;T&lt;/mi&gt;&lt;mn&gt;2&lt;/mn&gt;&lt;/msup&gt;&lt;msup&gt;&lt;mi&gt;a&lt;/mi&gt;&lt;mn&gt;3&lt;/mn&gt;&lt;/msup&gt;&lt;/mfrac&gt;&lt;mo&gt;=&lt;/mo&gt;&lt;mi&gt;k&lt;/mi&gt;&lt;mi&gt;o&lt;/mi&gt;&lt;mi&gt;n&lt;/mi&gt;&lt;mi&gt;s&lt;/mi&gt;&lt;mi&gt;t&lt;/mi&gt;&lt;mi&gt;a&lt;/mi&gt;&lt;mi&gt;n&lt;/mi&gt;&lt;mi&gt;t&lt;/mi&gt;&lt;/math&gt;&lt;/p&gt;\",\"Baustein_2\":\"1\",\"inhalt_2\":\"&lt;p&gt;&lt;img src=&quot;../../media/uploads/1_5c1acc4faa4bf.gif&quot; /&gt;&lt;/p&gt;&lt;p&gt;&lt;img src=&quot;../../media/uploads/1_5c1acc4fbecdd.jpg&quot; width=&quot;423&quot; height=&quot;200&quot; /&gt;&lt;/p&gt;\",\"Baustein_bottom\":\"1\",\"inhalt_bottom\":\"&lt;hr /&gt;&lt;h2&gt;Anleitung:&lt;/h2&gt;&lt;ul&gt;&lt;li&gt;W&amp;auml;hlen Sie z. B. ein einspaltiges Design&lt;/li&gt;&lt;li&gt;W&amp;auml;hlen Sie f&amp;uuml;r den Bereich&amp;nbsp;&quot;Spalten&quot; den Schnellbaustein &quot;Freitext&quot; aus.&lt;/li&gt;&lt;li&gt;Unterhalb des grauen Auswahlbereiches sollte es nun so aussehen:&lt;/li&gt;&lt;/ul&gt;&lt;p style=&quot;text-align: center;&quot;&gt;&lt;img style=&quot;max-width: 450px;&quot; src=&quot;../../media/uploads/1_5c1d1b01d3ec2.jpg&quot; width=&quot;100%&quot; /&gt;&lt;/p&gt;&lt;ul&gt;&lt;li&gt;Geben Sie nun der Folie noch einen Titel. Der Titel sollte kurz und knapp sein, da dieser im Men&amp;uuml; angezeigt wird.&lt;/li&gt;&lt;li&gt;Im Editor k&amp;ouml;nnen Sie nun analog zu PowerPoint Inhalte eintragen / einkopieren etc. Diese werden schlie&amp;szlig;lich auf dieser Seite angezeigt.&lt;/li&gt;&lt;li&gt;Sie k&amp;ouml;nnen auch Bilder per Drag&amp;amp;Drop in den Editor ziehen oder auch per Copy&amp;amp;Paste (Strg+c und Strg+v) einfach einkopieren. All Ihre hochgeladenen Bilder finden Sie im Editorfenster nach einem Klick auf das Bild-Logo (roter Kreis).&lt;/li&gt;&lt;li&gt;Sie k&amp;ouml;nnen auch mathematische Formeln eingeben. Dazu haben Sie zwei M&amp;ouml;glichkeiten:&lt;ul type=&quot;circle&quot;&gt;&lt;li&gt;Eingabe per LATEX-Code&lt;/li&gt;&lt;li&gt;Eingabe per Editor (Klick auf das Wurzel-Icon)&lt;/li&gt;&lt;/ul&gt;&lt;/li&gt;&lt;/ul&gt;&lt;p&gt;Begutachten Sie Ihre Folie mit einem Klick auf&lt;/p&gt;&lt;p style=&quot;text-align: center;&quot;&gt;&lt;img src=&quot;../../media/uploads/1_5c1d1ba9d33f1.jpg&quot; /&gt;&lt;/p&gt;&lt;p&gt;&amp;nbsp;&lt;/p&gt;&lt;p&gt;&amp;nbsp;&lt;/p&gt;\",\"viewTyp\":\"1\",\"CopyToKursID\":\"\"}', 0, '', '59bf969eb6e12'),
(528, 1, 50, 6, 1, 0, 1, '{\"DesignTyp\":2,\"savePraes\":\"2\",\"ftoken\":\"59bf969eb8a29\",\"titel\":\"Tutorial - Schritt 2 - Simulationen und Animationen\",\"fID\":\"528\",\"Baustein_top\":\"1\",\"inhalt_top\":\"&lt;h2&gt;Tutorial&amp;nbsp;2 -&amp;nbsp;Simulationen und Animationen&lt;/h2&gt;&lt;hr /&gt;&lt;h2&gt;&amp;nbsp;&lt;/h2&gt;\",\"Baustein_1\":\"1\",\"inhalt_1\":\"&lt;p&gt;Hinter dem 3. KEPLER&#039;schen Gesetz steckt das Newton&#039;sche Gravitationsgesetz&lt;/p&gt;&lt;div style=&quot;text-align: center;&quot;&gt;&lt;span id=&quot;MathJax-Element-1-Frame&quot; tabindex=&quot;0&quot;&gt;&lt;span id=&quot;MathJax-Span-1&quot;&gt;&lt;span id=&quot;MathJax-Span-2&quot;&gt;&lt;span id=&quot;MathJax-Span-3&quot;&gt;&lt;span id=&quot;MathJax-Span-4&quot;&gt;&lt;span id=&quot;MathJax-Span-5&quot;&gt;&lt;span id=&quot;MathJax-Span-6&quot;&gt;&lt;math xmlns=&quot;http://www.w3.org/1998/Math/MathML&quot;&gt;&lt;msub&gt;&lt;mi&gt;F&lt;/mi&gt;&lt;mi&gt;G&lt;/mi&gt;&lt;/msub&gt;&lt;mo&gt;=&lt;/mo&gt;&lt;mi&gt;G&lt;/mi&gt;&lt;mo&gt;&amp;#183;&lt;/mo&gt;&lt;mfrac&gt;&lt;mrow&gt;&lt;msub&gt;&lt;mi&gt;m&lt;/mi&gt;&lt;mi&gt;S&lt;/mi&gt;&lt;/msub&gt;&lt;mo&gt;&amp;#183;&lt;/mo&gt;&lt;msub&gt;&lt;mi&gt;m&lt;/mi&gt;&lt;mi&gt;P&lt;/mi&gt;&lt;/msub&gt;&lt;/mrow&gt;&lt;msup&gt;&lt;msub&gt;&lt;mi&gt;r&lt;/mi&gt;&lt;mrow&gt;&lt;mi&gt;S&lt;/mi&gt;&lt;mi&gt;P&lt;/mi&gt;&lt;/mrow&gt;&lt;/msub&gt;&lt;mn&gt;2&lt;/mn&gt;&lt;/msup&gt;&lt;/mfrac&gt;&lt;/math&gt;&lt;/span&gt;&lt;/span&gt;&lt;/span&gt;&lt;/span&gt;&lt;/span&gt;&lt;/span&gt;&lt;/span&gt;&lt;/div&gt;&lt;p&gt;Die Gravitationskraft bewirkt eine Beschleunigung, die einen Massek&amp;ouml;rper (hier die Masse des Planeten&amp;nbsp;&lt;span id=&quot;MathJax-Element-2-Frame&quot; tabindex=&quot;0&quot;&gt;&lt;span id=&quot;MathJax-Span-51&quot;&gt;&lt;span id=&quot;MathJax-Span-52&quot;&gt;&lt;span id=&quot;MathJax-Span-53&quot;&gt;&lt;span id=&quot;MathJax-Span-54&quot;&gt;&lt;span id=&quot;MathJax-Span-55&quot;&gt;&lt;span id=&quot;MathJax-Span-56&quot;&gt;&lt;math xmlns=&quot;http://www.w3.org/1998/Math/MathML&quot;&gt;&lt;msub&gt;&lt;mi&gt;m&lt;/mi&gt;&lt;mi&gt;P&lt;/mi&gt;&lt;/msub&gt;&lt;/math&gt;&lt;/span&gt;&lt;/span&gt;&lt;/span&gt;&lt;/span&gt;&lt;/span&gt;&lt;/span&gt;&lt;/span&gt;) in der N&amp;auml;he eines anderen massereichen K&amp;ouml;rpers (hier die Masse der Sonne &lt;math xmlns=&quot;http://www.w3.org/1998/Math/MathML&quot;&gt;&lt;msub&gt;&lt;mi&gt;m&lt;/mi&gt;&lt;mi&gt;S&lt;/mi&gt;&lt;/msub&gt;&lt;/math&gt; ) auf die charakteristische Bahn (Ellipsenbahn oder Hyperbelnahn) zwingt. Im einfachsten Fall der Kreisbahn ist diese beschleunigende Kraft senkrecht zur Bewegungsrichtung und bewirkt nur eine &amp;Auml;nderung der Bewegungsrichtung nicht eine &amp;Auml;nderung des Geschwindigkeitsbetrags, sie wirkt als Zentripetalkraft mit &lt;math xmlns=&quot;http://www.w3.org/1998/Math/MathML&quot;&gt;&lt;mover&gt;&lt;msub&gt;&lt;mi&gt;F&lt;/mi&gt;&lt;mrow&gt;&lt;mi&gt;Z&lt;/mi&gt;&lt;mi&gt;P&lt;/mi&gt;&lt;/mrow&gt;&lt;/msub&gt;&lt;mo&gt;&amp;#8594;&lt;/mo&gt;&lt;/mover&gt;&lt;/math&gt;&amp;nbsp;mit&lt;math xmlns=&quot;http://www.w3.org/1998/Math/MathML&quot;&gt;&lt;msub&gt;&lt;mi&gt;F&lt;/mi&gt;&lt;mrow&gt;&lt;mi&gt;Z&lt;/mi&gt;&lt;mi&gt;P&lt;/mi&gt;&lt;/mrow&gt;&lt;/msub&gt;&lt;mo&gt;=&lt;/mo&gt;&lt;msub&gt;&lt;mi&gt;m&lt;/mi&gt;&lt;mi&gt;p&lt;/mi&gt;&lt;/msub&gt;&lt;mo&gt;&amp;#183;&lt;/mo&gt;&lt;msup&gt;&lt;mi&gt;&amp;#969;&lt;/mi&gt;&lt;mn&gt;2&lt;/mn&gt;&lt;/msup&gt;&lt;mo&gt;&amp;#183;&lt;/mo&gt;&lt;mi&gt;r&lt;/mi&gt;&lt;/math&gt;. damit ergibt sich:&lt;/p&gt;&lt;p&gt;&amp;nbsp;$$F_G=F_{ZP}&amp;nbsp;&amp;nbsp; \\\\Leftrightarrow&amp;nbsp;&amp;nbsp; G\\\\cdot \\\\frac{m_S\\\\cdot m_P}{r_{SP} ^2}=m_P \\\\cdot \\\\left( \\\\frac{2\\\\pi}{T} \\\\right)^2\\\\cdot r_{SP} \\\\Leftrightarrow&amp;nbsp; \\\\frac{T^2}{r_{SP} ^3}=\\\\frac{4\\\\cdot \\\\pi^2}{G\\\\cdot m_S}$$&lt;/p&gt;&lt;div&gt;&amp;nbsp;Es gilt also folgender Zusammenhang:&lt;/div&gt;&lt;div style=&quot;text-align: center;&quot;&gt;&lt;math xmlns=&quot;http://www.w3.org/1998/Math/MathML&quot;&gt;&lt;mfrac&gt;&lt;msup&gt;&lt;mi&gt;T&lt;/mi&gt;&lt;mn&gt;2&lt;/mn&gt;&lt;/msup&gt;&lt;msup&gt;&lt;mi&gt;r&lt;/mi&gt;&lt;mn&gt;3&lt;/mn&gt;&lt;/msup&gt;&lt;/mfrac&gt;&lt;mo&gt;=&lt;/mo&gt;&lt;mi&gt;C&lt;/mi&gt;&lt;/math&gt;&lt;/div&gt;&lt;div&gt;&amp;nbsp;&lt;/div&gt;&lt;div&gt;F&amp;uuml;r Ellipsenbahnen ergibt sich dann allgemein:&lt;/div&gt;&lt;div&gt;&lt;div style=&quot;text-align: center;&quot;&gt;&lt;math xmlns=&quot;http://www.w3.org/1998/Math/MathML&quot;&gt;&lt;mfrac&gt;&lt;msup&gt;&lt;mi&gt;T&lt;/mi&gt;&lt;mn&gt;2&lt;/mn&gt;&lt;/msup&gt;&lt;msup&gt;&lt;mi&gt;a&lt;/mi&gt;&lt;mn&gt;3&lt;/mn&gt;&lt;/msup&gt;&lt;/mfrac&gt;&lt;mo&gt;=&lt;/mo&gt;&lt;mi&gt;C&lt;/mi&gt;&lt;/math&gt;&lt;/div&gt;&lt;div&gt;&amp;nbsp;&lt;/div&gt;&lt;div&gt;Mit der Konstanten C:&lt;/div&gt;&lt;div&gt;&amp;nbsp;&lt;/div&gt;&lt;div style=&quot;text-align: center;&quot;&gt;&lt;math xmlns=&quot;http://www.w3.org/1998/Math/MathML&quot;&gt;&lt;mi&gt;C&lt;/mi&gt;&lt;mo&gt;=&lt;/mo&gt;&lt;mfrac&gt;&lt;mrow&gt;&lt;mn&gt;4&lt;/mn&gt;&lt;mo&gt;&amp;#183;&lt;/mo&gt;&lt;msup&gt;&lt;mi&gt;&amp;#960;&lt;/mi&gt;&lt;mn&gt;2&lt;/mn&gt;&lt;/msup&gt;&lt;/mrow&gt;&lt;mrow&gt;&lt;mi&gt;G&lt;/mi&gt;&lt;mo&gt;&amp;#183;&lt;/mo&gt;&lt;msub&gt;&lt;mi&gt;m&lt;/mi&gt;&lt;mrow&gt;&lt;mi&gt;Z&lt;/mi&gt;&lt;mi&gt;e&lt;/mi&gt;&lt;mi&gt;n&lt;/mi&gt;&lt;mi&gt;t&lt;/mi&gt;&lt;mi&gt;r&lt;/mi&gt;&lt;mi&gt;a&lt;/mi&gt;&lt;mi&gt;l&lt;/mi&gt;&lt;mi&gt;o&lt;/mi&gt;&lt;mi&gt;b&lt;/mi&gt;&lt;mi&gt;j&lt;/mi&gt;&lt;mi&gt;e&lt;/mi&gt;&lt;mi&gt;k&lt;/mi&gt;&lt;mi&gt;t&lt;/mi&gt;&lt;/mrow&gt;&lt;/msub&gt;&lt;/mrow&gt;&lt;/mfrac&gt;&lt;/math&gt;&lt;/div&gt;&lt;p&gt;&amp;nbsp;&lt;/p&gt;&lt;/div&gt;\",\"Baustein_2\":\"3\",\"tem_simID_2\":\"35\",\"Baustein_bottom\":\"1\",\"inhalt_bottom\":\"&lt;hr /&gt;&lt;h2&gt;Anleitung:&lt;/h2&gt;&lt;ul&gt;&lt;li&gt;Konfigurieren Sie ein zweispaltiges Design&lt;ul&gt;&lt;li&gt;W&amp;auml;hlen Sie f&amp;uuml;r die erste Spalte den Schnellbaustein Freitext aus&lt;/li&gt;&lt;li&gt;W&amp;auml;hlen Sie f&amp;uuml;r die zweite Spalte die Simulation &quot;Keplergesetze&quot; aus&lt;/li&gt;&lt;/ul&gt;&lt;/li&gt;&lt;li&gt;Geben Sie der Spalte einen Titel.&lt;/li&gt;&lt;li&gt;Speichern Sie die Folie&lt;/li&gt;&lt;li&gt;F&amp;uuml;gen Sie einen Inhalt in das Textfeld ein, der zur Simulation passt.&lt;/li&gt;&lt;li&gt;Speichern Sie die Folie erneut und betrachten Sie das Resultat in der Vorschau.&lt;/li&gt;&lt;/ul&gt;\",\"viewTyp\":\"1\",\"CopyToKursID\":\"\"}', 0, '', '59bf969eb8a29');
INSERT INTO `folien` (`fID`, `uID`, `kursID`, `modID`, `aTyp`, `zu_fID`, `viewTyp`, `parameter`, `cp_fID`, `tnArr`, `ftoken`) VALUES
(533, 1, 50, 6, 1, 0, 1, '{\"DesignTyp\":2,\"savePraes\":\"2\",\"ftoken\":\"59bf969eba576\",\"titel\":\"Tutorial - Schritt 3 - Bausteine\",\"fID\":\"533\",\"Baustein_top\":\"1\",\"inhalt_top\":\"&lt;h2&gt;Tutorial&amp;nbsp;3 - Kombination verschiedener Bausteinen&lt;/h2&gt;&lt;hr /&gt;&lt;p&gt;&lt;span style=&quot;color: #333333; font-family: &#039;Helvetica Neue&#039;, Helvetica, Arial, sans-serif; font-size: 30px; background-color: #ffffff;&quot;&gt;&amp;nbsp;&lt;/span&gt;&lt;/p&gt;\",\"Baustein_1\":\"3\",\"tem_simID_1\":\"8\",\"Baustein_2\":\"5\",\"bID_2\":\"1\",\"Baustein_bottom\":\"1\",\"inhalt_bottom\":\"&lt;hr /&gt;&lt;h2&gt;Anleitung:&lt;/h2&gt;&lt;ul&gt;&lt;li&gt;Erstellen Sie eine neue Folie.&lt;/li&gt;&lt;li&gt;W&amp;auml;hlen Sie z. B. ein zweispaltiges Design&lt;/li&gt;&lt;li&gt;W&amp;auml;hlen Sie in der linken Spalte den Schnellbaustein &quot;Simulation/Animation&quot; aus.&lt;/li&gt;&lt;li&gt;W&amp;auml;hlen Sie unter dem Themengebiet &quot;Mechanik&quot; die Simulation &quot;Hebelgesetz&quot; aus.&lt;/li&gt;&lt;li&gt;W&amp;auml;hlen Sie in der rechten Spalte den Baustein &quot;Kontrollfragen&quot; aus.&lt;/li&gt;&lt;li&gt;Sollten Sie bisher noch keine Kontrollfragen angelegt haben, finden Sie hier nur den gr&amp;uuml;nen Button &quot;Kontrollfrage erstellen&quot;&lt;/li&gt;&lt;li&gt;Mit einem Klick auf diesen Button &amp;ouml;ffnet sich ein neues Fenster in dem Sie eine Kontrollfrage erstellen k&amp;ouml;nnen.&amp;nbsp;&lt;br /&gt;&lt;ul type=&quot;circle&quot;&gt;&lt;li&gt;&lt;span style=&quot;color: #0000ff;&quot;&gt;Geben Sie einen Titel der Kontrollfrage ein (f&amp;uuml;r Ihre Referenz -&amp;gt; der Titel wird ansonsten nirgends angezeigt.)&lt;/span&gt;&lt;/li&gt;&lt;li&gt;&lt;span style=&quot;color: #0000ff;&quot;&gt;Formulieren Sie die Frage / die Aufgabe&lt;/span&gt;&lt;/li&gt;&lt;li&gt;&lt;span style=&quot;color: #0000ff;&quot;&gt;Legen Sie beliebig viele Antwortoptionen an.&lt;/span&gt;&lt;/li&gt;&lt;li&gt;&lt;span style=&quot;color: #0000ff;&quot;&gt;Zu jeder Antwortoption k&amp;ouml;nnen Sie im dazugeh&amp;ouml;rigen Eingabefeld eine kurze Erkl&amp;auml;rung / Erl&amp;auml;uterung eingeben, die dem Sch&amp;uuml;ler angezeigt wird, nachdem er die Fragen beantwortet hat.&lt;/span&gt;&lt;/li&gt;&lt;li&gt;&lt;span style=&quot;color: #0000ff;&quot;&gt;Legen Sie f&amp;uuml;r dieses Beispiel mindestens 4 Antwortoptionen an. Dabei k&amp;ouml;nnen Sie beliebig viele Antworten als richtig oder falsch markieren.&lt;/span&gt;&lt;/li&gt;&lt;li&gt;&lt;span style=&quot;color: #0000ff;&quot;&gt;Speichern Sie die Kontrollfrage und schlie&amp;szlig;en Sie da zus&amp;auml;tzliche Fenster.&lt;/span&gt;&lt;/li&gt;&lt;li&gt;&lt;span style=&quot;color: #0000ff;&quot;&gt;Wechseln Sie wieder zur&amp;uuml;ck zur urspr&amp;uuml;nglichen Folie.&lt;/span&gt;&lt;/li&gt;&lt;/ul&gt;&lt;/li&gt;&lt;li&gt;Speichern Sie die Folie. Danach wird der neu erstellte Baustein angezeigt.&lt;/li&gt;&lt;li&gt;W&amp;auml;hlen Sie den neu erstellten Baustein aus.&lt;/li&gt;&lt;li&gt;Speichern Sie die Folie und betrachten diese in der Vorschau.&lt;/li&gt;&lt;/ul&gt;&lt;p&gt;&amp;nbsp;&lt;/p&gt;\",\"viewTyp\":\"1\",\"CopyToKursID\":\"\"}', 0, '', '59bf969eba576'),
(537, 1, 50, 6, 1, 0, 1, '{\"DesignTyp\":2,\"savePraes\":\"1\",\"ftoken\":\"59bf969ebb644\",\"titel\":\"Tutorial - Schritt 4a - Weitere Bausteine\",\"fID\":\"537\",\"Baustein_top\":\"1\",\"inhalt_top\":\"&lt;h2&gt;Tutorial 4 - Weitere Bausteine&lt;/h2&gt;&lt;hr /&gt;&lt;p&gt;Stelle dir folgendes Szenario vor:&lt;/p&gt;&lt;p&gt;Die nachfolgend abgebildete Person ist auf einer einsamen Insel gestrandet und seine Vorr&amp;auml;te sind ersch&amp;ouml;pft.&amp;nbsp;Er m&amp;ouml;chte deshalb, wie er in vielen Filmen gesehen hat, mit einem selbstgebauten Speer fischen.&amp;nbsp;&lt;/p&gt;&lt;p&gt;Welchen Rat w&amp;uuml;rdest du ihm geben?&lt;/p&gt;\",\"Baustein_1\":\"1\",\"inhalt_1\":\"&lt;p&gt;&lt;img src=&quot;../../media/uploads/1_594002a42107d.png&quot; width=&quot;100%&quot; /&gt;&lt;/p&gt;\",\"Baustein_2\":\"5\",\"bID_2\":\"53\",\"Baustein_bottom\":\"1\",\"inhalt_bottom\":\"&lt;p&gt;&amp;nbsp;&lt;/p&gt;&lt;hr /&gt;&lt;h2&gt;Anleitung:&lt;/h2&gt;&lt;ul&gt;&lt;li&gt;Erstellen Sie eine neue Folie.&lt;/li&gt;&lt;li&gt;W&amp;auml;hlen Sie z. B. ein einspaltiges Design&lt;/li&gt;&lt;li&gt;W&amp;auml;hlen Sie im Bereich Spalte den Baustein &quot;Abstimmung&quot; aus.&lt;/li&gt;&lt;li&gt;Falls Sie noch keine &quot;Abstimmung&quot; erstellt haben, finden Sie hier lediglich den gr&amp;uuml;nen Button &quot;Abstimmung erstellen&quot;.&lt;/li&gt;&lt;li&gt;Mit einem Klick auf diesen Button &amp;ouml;ffnet sich ein neues Fenster in dem Sie eine Abstimmung erstellen k&amp;ouml;nnen.&lt;/li&gt;&lt;/ul&gt;&lt;p style=&quot;text-align: center;&quot;&gt;&amp;nbsp;&lt;img style=&quot;max-width: 450px;&quot; src=&quot;../../media/uploads/1_5c1d2c2011760.jpg&quot; width=&quot;100%&quot; /&gt;&lt;/p&gt;&lt;ul&gt;&lt;li&gt;&lt;ul&gt;&lt;li&gt;&lt;span style=&quot;color: #0000ff;&quot;&gt;Geben Sie einen Titel der Abstimmung ein (f&amp;uuml;r Ihre Referenz -&amp;gt; der Titel wird ansonsten nirgens angezeigt.)&lt;/span&gt;&lt;/li&gt;&lt;li&gt;&lt;span style=&quot;color: #0000ff;&quot;&gt;Formulieren Sie die Frage / die Aufgabe &amp;uuml;ber die Sie abstimmen lassen m&amp;ouml;chten.&lt;/span&gt;&lt;/li&gt;&lt;li&gt;&lt;span style=&quot;color: #0000ff;&quot;&gt;Geben Sie die Auswahloptionen ein.&lt;/span&gt;&lt;/li&gt;&lt;li&gt;&lt;span style=&quot;color: #0000ff;&quot;&gt;W&amp;auml;hlen Sie aus, ob der Teilnehmer eine oder mehrere Optionen w&amp;auml;hlen darf.&lt;/span&gt;&lt;/li&gt;&lt;li&gt;&lt;span style=&quot;color: #0000ff;&quot;&gt;Speichern Sie die Abstimmung, schlie&amp;szlig;en Sie das zus&amp;auml;tzliche Fenster und wechseln Sie wieder zur&amp;uuml;ck zur urspr&amp;uuml;nglichen Folie&lt;/span&gt;&lt;/li&gt;&lt;/ul&gt;&lt;/li&gt;&lt;/ul&gt;&lt;ul&gt;&lt;li&gt;Die eben erstellte Abstimmung kann erst nach dem Speichern der Folie ausgew&amp;auml;hlt werden. Speichern Sie die Folie und &amp;ouml;ffnen Sie diese dann erneut zum Bearbeiten.&lt;/li&gt;&lt;li&gt;W&amp;auml;hlen Sie im Bereich Spalte wieder den Baustein &quot;Abstimmung &quot; aus und klicken Sie auf die von Ihnen eben erstellte Abstimmung.&lt;/li&gt;&lt;li&gt;Begutachten Sie Ihre Folie&amp;nbsp;in der Vorschau&lt;/li&gt;&lt;/ul&gt;\",\"viewTyp\":\"1\",\"CopyToKursID\":\"\"}', 0, '', '59bf969ebb644'),
(538, 1, 50, 6, 1, 0, 1, '{\"DesignTyp\":2,\"savePraes\":\"2\",\"ftoken\":\"59bf969ebb972\",\"titel\":\"Tutorial - Schritt 4b - Weitere Bausteine\",\"fID\":\"538\",\"Baustein_top\":\"1\",\"inhalt_top\":\"&lt;h2&gt;Tutorial 4b - Weitere Bausteine&lt;/h2&gt;&lt;hr /&gt;&lt;h2&gt;&amp;nbsp;&lt;/h2&gt;\",\"Baustein_1\":\"5\",\"bID_1\":\"44\",\"Baustein_2\":\"5\",\"bID_2\":\"87\",\"viewTyp\":\"1\",\"CopyToKursID\":\"\"}', 0, '', '59bf969ebb972'),
(539, 1, 50, 6, 1, 0, 1, '{\"DesignTyp\":2,\"savePraes\":\"1\",\"ftoken\":\"59bf969ebbfbc\",\"titel\":\"Tutorial - Schritt 5 - Sch&uuml;lerantworten\",\"fID\":\"539\",\"Baustein_top\":\"1\",\"inhalt_top\":\"&lt;h2&gt;Tutorial - Schritt&amp;nbsp;5 -&amp;nbsp;Sch&amp;uuml;lerantworten&lt;/h2&gt;&lt;hr /&gt;&lt;p&gt;Nachfolgendes Video zum Thema &quot;1. Kosmische Geschwindigkeit&quot; enth&amp;auml;lt einige fachliche Fehler!&lt;/p&gt;&lt;ul&gt;&lt;li&gt;Schaue dir das Video an und finde diese Fehler!&amp;nbsp;&lt;/li&gt;&lt;li&gt;Notiere die Fehler und begr&amp;uuml;nde deine Antwort!&amp;nbsp;&lt;/li&gt;&lt;/ul&gt;\",\"Baustein_1\":\"5\",\"bID_1\":\"341\",\"Baustein_2\":\"4\",\"Baustein_bottom\":\"1\",\"inhalt_bottom\":\"&lt;hr /&gt;&lt;h2&gt;Anleitung&lt;/h2&gt;&lt;ul&gt;&lt;li&gt;Erstellen Sie eine neue Folie.&lt;/li&gt;&lt;li&gt;W&amp;auml;hlen Sie nun ein zweispaltiges Design&lt;/li&gt;&lt;li&gt;W&amp;auml;hlen Sie im TOP-Bereich den Schnellbaustein &quot;Freitext&quot; aus und geben Sie die Aufgabenbeschreibung ein.&lt;/li&gt;&lt;li&gt;W&amp;auml;hlen Sie in der rechten Spalte den Schnellbaustein &quot;Eingabefeld f&amp;uuml;r Sch&amp;uuml;ler&quot; aus.&lt;/li&gt;&lt;li&gt;W&amp;auml;hlen Sie in der linken Spalte den Baustein &quot;YouTube-Video&quot; aus.&lt;/li&gt;&lt;/ul&gt;&lt;p style=&quot;text-align: center;&quot;&gt;&lt;img style=&quot;max-width: 450px;&quot; src=&quot;../../media/uploads/1_5c1d2d88cff9d.jpg&quot; alt=&quot;&quot; width=&quot;450&quot; height=&quot;235&quot; /&gt;&lt;/p&gt;&lt;ul&gt;&lt;li&gt;&amp;nbsp;&lt;ul&gt;&lt;li&gt;&lt;span style=&quot;color: #0000ff;&quot;&gt;Falls Sie noch keine YouTube Videos eingebunden haben, finden Sie hier lediglich den gr&amp;uuml;nen Button &quot;YouTube Videos hinzuf&amp;uuml;gen &amp;amp; editieren&quot;.&lt;/span&gt;&lt;/li&gt;&lt;li&gt;&lt;span style=&quot;color: #0000ff;&quot;&gt;Mit einem Klick auf diesen Button &amp;ouml;ffnet sich ein neues Fenster in dem Sie eine neues YouTube Video einbinden k&amp;ouml;nnen. (vgl. rechts)&lt;/span&gt;&lt;/li&gt;&lt;li&gt;&lt;span style=&quot;color: #0000ff;&quot;&gt;Geben Sie einen Titel f&amp;uuml;r das Video / den Baustein ein (f&amp;uuml;r Ihre Referenz -&amp;gt; der Titel wird ansonsten nirgends angezeigt.)&lt;/span&gt;&lt;/li&gt;&lt;li&gt;&lt;span style=&quot;color: #0000ff;&quot;&gt;Suchen Sie in einem neuen Tab auf YouTube das gew&amp;uuml;nschte Video und spielen Sie es ab.&lt;/span&gt;&lt;/li&gt;&lt;li&gt;&lt;span style=&quot;color: #0000ff;&quot;&gt;Kopieren Sie die URL (=Adresse) des YouTube Videos mit Strg + c&lt;/span&gt;&lt;/li&gt;&lt;li&gt;&lt;span style=&quot;color: #0000ff;&quot;&gt;F&amp;uuml;gen Sie die URL in das Feld &quot;YouTube Link&quot; mit Strg + v ein.&lt;/span&gt;&lt;/li&gt;&lt;li&gt;&lt;span style=&quot;color: #0000ff;&quot;&gt;Klicken Sie auf &quot;erweiterte Einstellungen&quot;&lt;/span&gt;&lt;/li&gt;&lt;li&gt;&lt;span style=&quot;color: #0000ff;&quot;&gt;Geben Sie an, zwischen welchen Zeitpunkten das Video abgespielt werden soll.&lt;/span&gt;&lt;br /&gt;&lt;span style=&quot;color: #0000ff;&quot;&gt;(von 0H0M0S bis 0H0M0S bedeutet, dass das gesamte Video abgespielt wird)&lt;/span&gt;&lt;/li&gt;&lt;/ul&gt;&lt;ul type=&quot;circle&quot;&gt;&lt;li&gt;&lt;span style=&quot;color: #0000ff;&quot;&gt;Speichern Sie den Baustein und schlie&amp;szlig;en Sie dieses Fenster.&lt;/span&gt;&lt;/li&gt;&lt;/ul&gt;&lt;/li&gt;&lt;/ul&gt;&lt;ul&gt;&lt;li&gt;Da das eben erstellte YouTube Video erst nach dem Speichern der Folie ausgew&amp;auml;hlt werden kann. Speichern Sie die Folie und &amp;ouml;ffnen Sie diese dann erneut zum Bearbeiten.&lt;/li&gt;&lt;li&gt;&lt;/li&gt;&lt;/ul&gt;\",\"viewTyp\":\"1\",\"CopyToKursID\":\"\"}', 0, '', '59bf969ebbfbc'),
(650, 1, 50, 6, 1, 0, 1, '{\"DesignTyp\":1,\"savePraes\":\"2\",\"ftoken\":\"59bf969edcf17\",\"titel\":\"Demokurs\",\"fID\":\"650\",\"Baustein_top\":\"1\",\"inhalt_top\":\"&lt;h1 id=&quot;mcetoc_1cv4d81mm0&quot; style=&quot;text-align: center;&quot;&gt;&amp;nbsp;&lt;/h1&gt;&lt;h1 id=&quot;mcetoc_1cv4d81mm1&quot; style=&quot;text-align: center;&quot;&gt;&amp;nbsp;&lt;/h1&gt;&lt;h1 style=&quot;text-align: center;&quot;&gt;Herzlich Willkommen zum Demokurs!&lt;/h1&gt;&lt;hr /&gt;&lt;p style=&quot;text-align: center;&quot;&gt;Der Demo-Kurs unterteilt sich in 2 Kapitel:&lt;/p&gt;&lt;p style=&quot;text-align: center;&quot;&gt;&lt;a href=&quot;show_praesentation.php?f=1648&quot;&gt;Kapitel 1 : Tutorial - &amp;Uuml;bersicht der Funktionen und allgemeine Beispiele&lt;/a&gt;&lt;/p&gt;&lt;p style=&quot;text-align: center;&quot;&gt;&lt;a href=&quot;show_praesentation.php?f=1649&quot;&gt;Kapitel 2: Demonstration zum Thema Entfernungsmessung in der Astrophysik&lt;/a&gt;&lt;/p&gt;&lt;p style=&quot;text-align: center;&quot;&gt;Klicken Sie auf das gew&amp;uuml;nschte Kapitel um dort hin zu springen.&lt;/p&gt;\",\"viewTyp\":\"1\",\"CopyToKursID\":\"\"}', 0, '', '59bf969edcf17'),
(1629, 1, 24, 1, 1, 0, 2, '{\"vID\":73,\"titel\":\"Atwoodsche Fallmaschine\",\"ftoken\":\"51be8148b8ef7e\",\"beschreibung\":\"&lt;p&gt;Im nachfolgenden Video ist eine Atwoodsche Fallmaschine zu sehen.&lt;\\/p&gt;&lt;p&gt;Ihre Aufgabe ist es den Aufbau des Experiments und seine Durchf&amp;uuml;hrung zu&amp;nbsp;&lt;em&gt;beschreiben&lt;\\/em&gt;.&lt;\\/p&gt;&lt;p&gt;Versuchen Sie dabei m&amp;ouml;glichst genau Ihre Beobachtung&amp;nbsp; in Worte zu fassen und lenken Sie dabei gezielt die Aufmerksamkeit des Betrachters auf die gerade wichtige Position.&lt;\\/p&gt;&lt;p&gt;Verwenden Sie zudem eine m&amp;ouml;glichst genaue, aber sch&amp;uuml;lergerechte Fachsprache.&lt;\\/p&gt;&lt;p&gt;&lt;span style=&quot;color: #ff0000;&quot;&gt;Sie m&amp;uuml;ssen&amp;nbsp;KEINE Erkl&amp;auml;rung f&amp;uuml;r das liefern, was zu sehen ist. Der Teil im Video, der sich mit der &quot;Auswertung&quot; besch&amp;auml;ftigt, muss NICHT bearbeitet\\/beschrieben werden.&lt;\\/span&gt;&lt;\\/p&gt;&lt;p&gt;&amp;nbsp;&lt;\\/p&gt;\",\"CopyToKursID\":24,\"tnarr\":[35]}', 0, '', '5bf276c08d0f9'),
(1630, 1, 50, 1, 1, 0, 2, '{\"vID\":73,\"titel\":\"Tutorial - Schritt 6 - Videovertonung\",\"ftoken\":\"5bf277a1795f4\",\"beschreibung\":\"&lt;h2 id=&quot;mcetoc_1cv4bisgd1&quot;&gt;Tutorial 6 -&amp;nbsp;Videovertonung&lt;\\/h2&gt;&lt;hr \\/&gt;&lt;p&gt;Atwoodsche Fallmaschine&lt;\\/p&gt;&lt;p&gt;Im nachfolgenden Video ist eine Atwoodsche Fallmaschine zu sehen.&lt;\\/p&gt;&lt;p&gt;Ihre Aufgabe ist es den Aufbau des Experiments und seine Durchf&amp;uuml;hrung zu&amp;nbsp;&lt;em&gt;beschreiben&lt;\\/em&gt;.&lt;\\/p&gt;&lt;p&gt;Versuchen Sie dabei m&amp;ouml;glichst genau Ihre Beobachtung&amp;nbsp; in Worte zu fassen und lenken Sie dabei gezielt die Aufmerksamkeit des Betrachters auf die gerade wichtige Position.&lt;\\/p&gt;&lt;p&gt;Verwenden Sie zudem eine m&amp;ouml;glichst genaue, aber sch&amp;uuml;lergerechte Fachsprache.&lt;\\/p&gt;&lt;p&gt;&lt;span style=&quot;color: #ff0000;&quot;&gt;Sie m&amp;uuml;ssen&amp;nbsp;KEINE Erkl&amp;auml;rung f&amp;uuml;r das liefern, was zu sehen ist. Der Teil im Video, der sich mit der &quot;Auswertung&quot; besch&amp;auml;ftigt, muss NICHT bearbeitet\\/beschrieben werden.&lt;\\/span&gt;&lt;\\/p&gt;&lt;hr \\/&gt;\",\"hinweis\":\"\",\"CopyToKursID\":0,\"tnarr\":[35]}', 0, '', '5bf277a1795f4'),
(1633, 1, 50, 6, 1, 0, 1, '{\"DesignTyp\":2,\"savePraes\":\"3\",\"ftoken\":\"5bf2b41898557\",\"titel\":\"Demo 2 - Sternentstehung\",\"fID\":\"1633\",\"Baustein_top\":\"1\",\"inhalt_top\":\"&lt;h2&gt;Demo 2 - Sternentstehung / Aussagen Ordnen&lt;/h2&gt;&lt;hr /&gt;&lt;p&gt;Betrachten Sie das Video und bringen Sie die einzelnen Phasen der Sternentstehung in die korrekte Reihenfolge.&lt;/p&gt;\",\"Baustein_1\":\"5\",\"bID_1\":\"335\",\"Baustein_2\":\"5\",\"bID_2\":\"334\",\"viewTyp\":\"1\",\"CopyToKursID\":\"\"}', 0, '', '5bf2b41898557'),
(1642, 1, 50, 6, 1, 0, 1, '{\"DesignTyp\":2,\"savePraes\":\"3\",\"ftoken\":\"5bfad06d629e4\",\"titel\":\"Demo 3 - Sternentwicklung - HRD\",\"fID\":\"1642\",\"Baustein_top\":\"1\",\"inhalt_top\":\"&lt;h2&gt;Demo 3 - Sternentwicklung - HRD&lt;/h2&gt;&lt;hr /&gt;&lt;p&gt;&amp;nbsp;&lt;/p&gt;\",\"Baustein_1\":\"5\",\"bID_1\":\"336\",\"Baustein_2\":\"5\",\"bID_2\":\"337\",\"viewTyp\":\"1\",\"CopyToKursID\":\"\"}', 0, '', '5bfad06d629e4'),
(1644, 1, 50, 6, 1, 0, 1, '{\"DesignTyp\":2,\"savePraes\":\"1\",\"ftoken\":\"5c03fbd676f4e\",\"titel\":\"Demo 4 - Entfernungsbestimmung bei Sternhaufen\",\"fID\":\"1644\",\"Baustein_top\":\"1\",\"inhalt_top\":\"&lt;h2&gt;Demo&amp;nbsp;4 - Entfernungsbestimmung bei Sternhaufen&lt;/h2&gt;&lt;hr /&gt;&lt;p&gt;&amp;nbsp;&lt;/p&gt;\",\"Baustein_1\":\"3\",\"tem_simID_1\":\"91\",\"Baustein_2\":\"5\",\"bID_2\":\"338\",\"viewTyp\":\"1\",\"CopyToKursID\":\"\"}', 0, '', '5c03fbd676f4e'),
(1645, 1, 50, 6, 1, 0, 1, '{\"DesignTyp\":2,\"savePraes\":\"2\",\"ftoken\":\"5c0e58e381a69\",\"titel\":\"Demo 5 - Entfernungsbestimmung mit Cepheiden\",\"fID\":\"1645\",\"Baustein_top\":\"1\",\"inhalt_top\":\"&lt;h2&gt;Demo&amp;nbsp;5 - Entfernungsbestimmung mit Cepheiden&lt;/h2&gt;&lt;hr /&gt;&lt;p&gt;Ermitteln Sie mit Hilfe nachfolgender Diagramme die Entfernung des Cepheiden Nr. 9.&lt;/p&gt;&lt;p&gt;Gehen Sie hierzu wie folgt vor:&lt;/p&gt;&lt;ol&gt;&lt;li&gt;Ermitteln Sie die Periodendauer und die MITTLERE-scheinbare Helligkeit des Cehpeiden Nr. 9&lt;/li&gt;&lt;li&gt;Ermitteln Sie mit Hilfe der Periode-Helligkeit-Beziehung (rechtes Diagramm) die mittlere absolute Helligkeit zur unter 1 bestimmten Periode&lt;/li&gt;&lt;li&gt;Berechnen Sie die Entfernung des Cepheiden mit Hilfe des Entfernungsmoduls.&lt;/li&gt;&lt;/ol&gt;\",\"Baustein_1\":\"3\",\"tem_simID_1\":\"92\",\"Baustein_2\":\"3\",\"tem_simID_2\":\"93\",\"viewTyp\":\"1\",\"CopyToKursID\":\"\"}', 0, '', '5c0e58e381a69'),
(1646, 1, 50, 6, 1, 0, 1, '{\"DesignTyp\":2,\"savePraes\":\"2\",\"ftoken\":\"5c156b586de5c\",\"titel\":\"Demo 1 - Astronomische Beobachtungen\",\"fID\":\"1646\",\"Baustein_top\":\"1\",\"inhalt_top\":\"&lt;h2&gt;Demo 1 - Astronomische Beobachtungen&lt;/h2&gt;&lt;hr /&gt;&lt;h2&gt;&amp;nbsp;&lt;/h2&gt;\",\"Baustein_1\":\"1\",\"inhalt_1\":\"&lt;p&gt;&lt;img src=&quot;../../media/uploads/1_5c156f975da06.jpg&quot; width=&quot;100%&quot; /&gt;&lt;/p&gt;&lt;p&gt;Nachdem die Strahlung von Sternen durch die Atmosph&amp;auml;re hindurch ging, ist sie stark gest&amp;ouml;rt. Diese St&amp;ouml;rung ist wegen der Dynamik der Luft zeitabh&amp;auml;ngig. Dadurch entsteht das ber&amp;uuml;hmte &quot;funkeln&quot; der Sterne. Das was wir als &quot;funkeln&quot; wahrnehmen ist in wirklichkeit eine scheinbare Hin- und Her-Bewegung eines Sterns.&lt;/p&gt;&lt;p&gt;F&amp;uuml;r wissenschaftliche Beobachtungen ist dieses &quot;funkeln&quot; beziehungsweise Zittern der Sterne nicht besonders hilfreich, denn meist werden Langzeitaufnahmen von Objekten gemacht. Wenn nun der Stern st&amp;auml;ndig hin und her wandert, erh&amp;auml;lt man dadurch ein sehr unscharfes Bild. Deshalb wurde eine Technik entwickelt, mit der das &quot;Funkeln&quot; der Sterne korrigiert werden kann. Eine sogenannte adaptive Optik. Wie diese funktioniert wird in nebenstehendem Video gezeigt.&lt;/p&gt;\",\"ImgMark_1\":{\"1\":{\"x\":\"29.4\",\"y\":\"9\",\"txt\":\"ungest&ouml;rte Strahlung kommt direkt vom Stern\",\"fn\":\"1_5c156f975da06\"},\"2\":{\"x\":\"48.3\",\"y\":\"38.1\",\"txt\":\"die Strahlung trifft auf verschiedene Luftzellen (warm oder kalt)\",\"fn\":\"1_5c156f975da06\"},\"3\":{\"x\":\"27.2\",\"y\":\"64.8\",\"txt\":\"eine Luftzelle fungiert als Sammellinse\",\"fn\":\"1_5c156f975da06\"},\"4\":{\"x\":\"70.6\",\"y\":\"87.7\",\"txt\":\"eine kalte Luftzelle hat dabei eine gr&ouml;&szlig;ere Brennweite als eine warme Luftzelle\",\"fn\":\"1_5c156f975da06\"},\"5\":{\"x\":\"46.3\",\"y\":\"89.7\",\"txt\":\"Auch die Lichtgeschwindigkeit ist in der kalten Luftzelle gr&ouml;&szlig;er als in der warmen. =&gt; Verzerrung der zuvor ungest&ouml;rten Strahlung\",\"fn\":\"1_5c156f975da06\"}},\"Baustein_2\":\"5\",\"bID_2\":\"340\",\"viewTyp\":\"1\",\"CopyToKursID\":\"\"}', 0, '', '5c156b586de5c'),
(1648, 1, 50, 6, 1, 0, 1, '{\"DesignTyp\":1,\"savePraes\":\"2\",\"ftoken\":\"5c1acbc66cd2e\",\"titel\":\"Tutorial - Schritt 0 - &Uuml;bersicht\",\"fID\":\"1648\",\"Baustein_top\":\"1\",\"inhalt_top\":\"&lt;h2&gt;Was ist PUMA@LMU?&lt;/h2&gt;&lt;p&gt;&amp;nbsp;PUMA@LMU ist ein eigens f&amp;uuml;r den Physikunterricht konzipiertes Autorensystem, das spezielle, physikspezifische Bausteine wie Experimentiervideos, Simulationen und Animationen etc. zu den verschiedenen Themengebieten enth&amp;auml;lt.&lt;/p&gt;&lt;p&gt;Alle Bausteine k&amp;ouml;nnen mit wenigen Klicks miteinander kombiniert werden und erm&amp;ouml;glichen so eine individuelle und f&amp;uuml;r die Lehrkraft schnell und einfach umsetzbare Gestaltung von online-basierten Multimediainhalten.&lt;/p&gt;&lt;p&gt;Zudem bietet PUMA@LMU innovative Aufgabentypen, zur F&amp;ouml;rderung der Kommunikationskompetenz von Sch&amp;uuml;lerinnen und Sch&amp;uuml;lern (vgl. Tutorial - Schritt 6) .&lt;/p&gt;&lt;p&gt;&amp;nbsp;&lt;/p&gt;&lt;p&gt;Mit den folgenden Folien erhalten Sie einnen Einblick und eine Anleitung daf&amp;uuml;r, &amp;nbsp;wie Sie Bausteine erstellen und mit anderen kombinieren um so schnell und flexibel, individuelle Multimediainhalte realisieren.&lt;/p&gt;\",\"viewTyp\":\"1\",\"CopyToKursID\":\"\"}', 0, '', '5c1acbc66cd2e'),
(1649, 1, 50, 6, 1, 0, 1, '{\"DesignTyp\":1,\"savePraes\":\"2\",\"ftoken\":\"5c1acf5fde2b6\",\"titel\":\"Demo - Astrophysik\",\"fID\":\"1649\",\"Baustein_top\":\"1\",\"inhalt_top\":\"&lt;h2 style=&quot;text-align: center;&quot;&gt;&amp;nbsp;&lt;/h2&gt;&lt;h2 style=&quot;text-align: center;&quot;&gt;&amp;nbsp;&lt;/h2&gt;&lt;h2 style=&quot;text-align: center;&quot;&gt;Demonstrationsfolien zum Themenbereich Astrophysik&lt;/h2&gt;&lt;h2 style=&quot;text-align: center;&quot;&gt;der 12. Jahrgangsstufe des bayerischen Gymnasiums&lt;/h2&gt;&lt;hr /&gt;&lt;h3 style=&quot;text-align: center;&quot;&gt;In den nachfolgend verwendeten dynamischen Grafiken werden ausschlie&amp;szlig;lich&lt;/h3&gt;&lt;h3 style=&quot;text-align: center;&quot;&gt;original Messwerte der Gaia-Mission der ESA verwendet!&lt;/h3&gt;\",\"viewTyp\":\"1\",\"CopyToKursID\":\"\"}', 0, '', '5c1acf5fde2b6'),
(1655, 1, 24, 6, 1, 0, 1, '{\"DesignTyp\":2,\"savePraes\":\"1\",\"ftoken\":\"5d21a5832af8f\",\"titel\":\"Markierungen in Bildern\",\"fID\":\"1655\",\"Baustein_top\":\"1\",\"inhalt_top\":\"&lt;h2&gt;Astronomische Beobachtungen&lt;/h2&gt;&lt;hr /&gt;&lt;h2&gt;&amp;nbsp;&lt;/h2&gt;\",\"Baustein_1\":\"1\",\"inhalt_1\":\"&lt;p&gt;&lt;img src=&quot;../../media/uploads/1_5c156f975da06.jpg&quot; width=&quot;100%&quot; /&gt;&lt;/p&gt;&lt;p&gt;&amp;nbsp;&lt;/p&gt;&lt;p&gt;Im Bearbeitungsmodus f&amp;uuml;r Folien k&amp;ouml;nnen durch einen Klick Markierungen in Bildern hinzugef&amp;uuml;gt werden. Zu jeder Markierung wird dadurch ein Hover-Element erstellt, das mit einem beliebigen, erkl&amp;auml;renden Text gef&amp;uuml;llt werden kann. Die Anzal der Markierungen pro Bild sowie die L&amp;auml;nge der Texte ist dabei nicht beschr&amp;auml;nkt.&lt;/p&gt;&lt;p&gt;&amp;nbsp;&lt;/p&gt;\",\"ImgMark_1\":{\"1\":{\"x\":\"29.4\",\"y\":\"9\",\"txt\":\"ungest&ouml;rte Strahlung kommt direkt vom Stern\",\"fn\":\"1_5c156f975da06\"},\"2\":{\"x\":\"48.3\",\"y\":\"38.1\",\"txt\":\"die Strahlung trifft auf verschiedene Luftzellen (warm oder kalt)\",\"fn\":\"1_5c156f975da06\"},\"3\":{\"x\":\"27.2\",\"y\":\"64.8\",\"txt\":\"eine Luftzelle fungiert als Sammellinse\",\"fn\":\"1_5c156f975da06\"},\"4\":{\"x\":\"70.6\",\"y\":\"87.7\",\"txt\":\"eine kalte Luftzelle hat dabei eine gr&ouml;&szlig;ere Brennweite als eine warme Luftzelle\",\"fn\":\"1_5c156f975da06\"},\"5\":{\"x\":\"46.3\",\"y\":\"89.7\",\"txt\":\"Auch die Lichtgeschwindigkeit ist in der kalten Luftzelle gr&ouml;&szlig;er als in der warmen. =&gt; Verzerrung der zuvor ungest&ouml;rten Strahlung\",\"fn\":\"1_5c156f975da06\"}},\"Baustein_2\":\"5\",\"bID_2\":\"340\",\"viewTyp\":\"1\",\"CopyToKursID\":\"\"}', 0, '', '5d21a5832af8f');

--
-- Daten für Tabelle `ablauf_master`
--

INSERT INTO `ablauf_master` (`id`, `KursID`, `fID`, `OrderID`, `freigabeStatus`, `aktiv`, `parameter`) VALUES
(3, 24, 27, 1, 0, 1, '{\"show_beginn\":1,\"show_aktiv\":0,\"show_freigabe\":0,\"show_nach_bearb\":1,\"show_auto\":0}'),
(8, 24, 30, 6, 0, 1, '{\"show_beginn\":1,\"show_aktiv\":0,\"show_freigabe\":0,\"show_nach_bearb\":1,\"show_auto\":0}'),
(20, 24, 32, 3, 0, 1, '{\"show_beginn\":1,\"show_aktiv\":0,\"show_freigabe\":0,\"show_nach_bearb\":1,\"show_auto\":0}'),
(28, 24, 33, 7, 0, 1, '{\"show_beginn\":1,\"show_aktiv\":0,\"show_freigabe\":0,\"show_nach_bearb\":1,\"show_auto\":0}'),
(37, 24, 34, 8, 0, 1, '{\"show_beginn\":1,\"show_aktiv\":0,\"show_freigabe\":0,\"show_nach_bearb\":1,\"show_auto\":0}'),
(156, 24, 39, 10, 0, 1, '{\"show_beginn\":1,\"show_aktiv\":0,\"show_freigabe\":0,\"show_nach_bearb\":1,\"show_auto\":0}'),
(364, 24, 205, 5, 0, 1, '{\"show_beginn\":1,\"show_aktiv\":0,\"show_freigabe\":0,\"show_nach_bearb\":1,\"show_auto\":0}'),
(1036, 24, 403, 9, 0, 1, '{\"show_beginn\":1,\"show_aktiv\":1,\"show_freigabe\":0,\"show_nach_bearb\":1,\"show_auto\":0}'),
(1056, 39, 405, 1, 0, 1, '{\"show_beginn\":1,\"show_aktiv\":0,\"show_freigabe\":0,\"show_nach_bearb\":1,\"show_auto\":0}'),
(1057, 39, 406, 7, 0, 1, '{\"show_beginn\":1,\"show_aktiv\":1,\"show_freigabe\":0,\"show_nach_bearb\":1,\"show_auto\":0}'),
(1058, 39, 407, 8, 0, 1, '{\"show_beginn\":1,\"show_aktiv\":1,\"show_freigabe\":0,\"show_nach_bearb\":1,\"show_auto\":0}'),
(1059, 39, 408, 3, 0, 1, '{\"show_beginn\":1,\"show_aktiv\":1,\"show_freigabe\":0,\"show_nach_bearb\":1,\"show_auto\":0}'),
(1060, 39, 409, 2, 0, 1, '{\"show_beginn\":1,\"show_aktiv\":1,\"show_freigabe\":0,\"show_nach_bearb\":1,\"show_auto\":0}'),
(1107, 39, 410, 4, 0, 1, '{\"show_beginn\":1,\"show_aktiv\":1,\"show_freigabe\":0,\"show_nach_bearb\":1,\"show_auto\":0}'),
(1108, 39, 411, 5, 0, 1, '{\"show_beginn\":1,\"show_aktiv\":1,\"show_freigabe\":0,\"show_nach_bearb\":1,\"show_auto\":0}'),
(1109, 39, 412, 6, 0, 1, '{\"show_beginn\":1,\"show_aktiv\":1,\"show_freigabe\":0,\"show_nach_bearb\":1,\"show_auto\":0}'),
(1111, 39, 414, 9, 0, 1, '{\"show_beginn\":1,\"show_aktiv\":1,\"show_freigabe\":0,\"show_nach_bearb\":1,\"show_auto\":0}'),
(1140, 39, 428, 11, 0, 1, '{\"show_beginn\":1,\"show_aktiv\":1,\"show_freigabe\":0,\"show_nach_bearb\":1,\"show_auto\":0}'),
(1141, 39, 429, 10, 0, 1, '{\"show_beginn\":1,\"show_aktiv\":1,\"show_freigabe\":0,\"show_nach_bearb\":1,\"show_auto\":0}'),
(1171, 39, 434, 13, 0, 1, '{\"show_beginn\":1,\"show_aktiv\":1,\"show_freigabe\":0,\"show_nach_bearb\":1,\"show_auto\":0}'),
(1172, 39, 435, 12, 0, 1, '{\"show_beginn\":1,\"show_aktiv\":1,\"show_freigabe\":0,\"show_nach_bearb\":1,\"show_auto\":0}'),
(1798, 39, 520, 14, 0, 1, '{\"show_beginn\":1,\"show_aktiv\":1,\"show_freigabe\":0,\"show_nach_bearb\":1,\"show_auto\":0}'),
(1805, 50, 522, 3, 1, 1, '{\"show_beginn\":1,\"show_aktiv\":1,\"show_freigabe\":0,\"show_nach_bearb\":1,\"show_auto\":0}'),
(1811, 50, 528, 4, 1, 1, '{\"show_beginn\":1,\"show_aktiv\":1,\"show_freigabe\":0,\"show_nach_bearb\":1,\"show_auto\":0}'),
(1832, 50, 533, 5, 0, 1, '{\"show_beginn\":1,\"show_aktiv\":1,\"show_freigabe\":0,\"show_nach_bearb\":1,\"show_auto\":0}'),
(1948, 50, 537, 6, 0, 1, '{\"show_beginn\":1,\"show_aktiv\":1,\"show_freigabe\":0,\"show_nach_bearb\":1,\"show_auto\":0}'),
(1949, 50, 538, 7, 0, 1, '{\"show_beginn\":1,\"show_aktiv\":1,\"show_freigabe\":0,\"show_nach_bearb\":1,\"show_auto\":0}'),
(1950, 50, 539, 8, 0, 1, '{\"show_beginn\":1,\"show_aktiv\":1,\"show_freigabe\":0,\"show_nach_bearb\":1,\"show_auto\":0}'),
(4478, 50, 650, 1, 0, 1, '{\"show_beginn\":1,\"show_aktiv\":1,\"show_freigabe\":0,\"show_nach_bearb\":1,\"show_auto\":0}'),
(8230, 24, 1629, 4, 0, 1, '{\"show_beginn\":1,\"show_aktiv\":1,\"show_freigabe\":0,\"show_nach_bearb\":1,\"show_auto\":0}'),
(8247, 50, 1630, 9, 0, 1, '{\"show_beginn\":1,\"show_aktiv\":1,\"show_freigabe\":0,\"show_nach_bearb\":1,\"show_auto\":0}'),
(8340, 50, 1633, 12, 0, 1, '{\"show_beginn\":1,\"show_aktiv\":1,\"show_freigabe\":0,\"show_nach_bearb\":1,\"show_auto\":0}'),
(8443, 50, 1642, 13, 0, 1, '{\"show_beginn\":1,\"show_aktiv\":0,\"show_freigabe\":0,\"show_nach_bearb\":1,\"show_auto\":0}'),
(8489, 50, 1644, 14, 0, 1, '{\"show_beginn\":1,\"show_aktiv\":1,\"show_freigabe\":0,\"show_nach_bearb\":1,\"show_auto\":0}'),
(8490, 50, 1645, 15, 0, 1, '{\"show_beginn\":1,\"show_aktiv\":1,\"show_freigabe\":0,\"show_nach_bearb\":1,\"show_auto\":0}'),
(8558, 50, 1646, 11, 0, 1, '{\"show_beginn\":1,\"show_aktiv\":1,\"show_freigabe\":0,\"show_nach_bearb\":1,\"show_auto\":0}'),
(8677, 50, 1648, 2, 0, 1, '{\"show_beginn\":1,\"show_aktiv\":1,\"show_freigabe\":0,\"show_nach_bearb\":1,\"show_auto\":0}'),
(8712, 50, 1649, 10, 0, 1, '{\"show_beginn\":1,\"show_aktiv\":1,\"show_freigabe\":0,\"show_nach_bearb\":1,\"show_auto\":0}'),
(8810, 24, 1655, 2, 0, 1, '{\"show_beginn\":1,\"show_aktiv\":1,\"show_freigabe\":0,\"show_nach_bearb\":1,\"show_auto\":0}');

--
-- Daten für Tabelle `ablauf_sync`
--

INSERT INTO `ablauf_sync` (`kursID`, `fID`, `aktiv`) VALUES
(24, 32, 0),
(50, 528, 0);

--
-- Daten für Tabelle `agb`
--

INSERT INTO `agb` (`agbID`, `text`, `valid_from`) VALUES
(1, '&lt;div&gt;&lt;div&gt;&lt;h2 id=&quot;mcetoc_1bj9slptn0&quot;&gt;Nutzungsbedingungen&lt;/h2&gt;&lt;/div&gt;&lt;/div&gt;&lt;div&gt;&lt;h3 id=&quot;mcetoc_1bj9slptn1&quot;&gt;Nutzungsbedingungen von Mediathek und Lernplattform&lt;/h3&gt;&lt;p&gt;Inhalt&lt;/p&gt;&lt;ol&gt;&lt;li&gt;&lt;a href=&quot;#1&quot;&gt;Nutzungsordnung&lt;/a&gt;&lt;ol&gt;&lt;li&gt;&lt;a href=&quot;#11&quot;&gt;Verwendungsbereich der PUMA@LMU-Angebote&lt;/a&gt;&lt;/li&gt;&lt;li&gt;&lt;a href=&quot;#12&quot;&gt;Benutzerkonten und Profile&lt;/a&gt;&lt;/li&gt;&lt;li&gt;&lt;a href=&quot;#13&quot;&gt;Nutzung der Mediathek (Experimentiervideos)&lt;/a&gt;&lt;/li&gt;&lt;li&gt;&lt;a href=&quot;#14&quot;&gt;Nutzung der Lernplattform&lt;/a&gt;&lt;ol&gt;&lt;li&gt;&lt;a href=&quot;#141&quot;&gt;Freigeben und Tauschen von Kursen&amp;nbsp;&lt;/a&gt;&lt;/li&gt;&lt;li&gt;&lt;a href=&quot;#142&quot;&gt;Informations&amp;uuml;bertragung ins Internet&lt;/a&gt;&lt;/li&gt;&lt;li&gt;&lt;a href=&quot;#143&quot;&gt;Umgang mit E-Mail&lt;/a&gt;&lt;/li&gt;&lt;li&gt;&lt;a href=&quot;#144&quot;&gt;Datenvolumen&lt;/a&gt;&lt;/li&gt;&lt;li&gt;&lt;a href=&quot;#145&quot;&gt;Sonstige Regelungen&lt;/a&gt;&lt;/li&gt;&lt;/ol&gt;&lt;/li&gt;&lt;li&gt;&lt;a href=&quot;#15&quot;&gt;Datensicherheit&lt;/a&gt;&lt;/li&gt;&lt;/ol&gt;&lt;/li&gt;&lt;li&gt;&lt;a href=&quot;#2&quot;&gt;Zuwiderhandlungen&lt;/a&gt;&lt;/li&gt;&lt;li&gt;&lt;a href=&quot;#3&quot;&gt;Einholen der Einverst&amp;auml;ndniserkl&amp;auml;rung&lt;/a&gt;&lt;/li&gt;&lt;li&gt;&lt;a href=&quot;#4&quot;&gt;Haftungsausschluss&lt;/a&gt;&lt;/li&gt;&lt;li&gt;&lt;a href=&quot;#5&quot;&gt;Schlussbestimmungen&lt;/a&gt;&lt;/li&gt;&lt;/ol&gt;&lt;p&gt;&amp;nbsp;&lt;/p&gt;&lt;p&gt;&amp;nbsp;&lt;/p&gt;&lt;h3 id=&quot;mcetoc_1bj9slptn3&quot;&gt;&lt;a id=&quot;1&quot;&gt;&lt;/a&gt;1. Nutzungsordnung&lt;/h3&gt;&lt;p&gt;&amp;nbsp;&lt;/p&gt;&lt;h3 id=&quot;mcetoc_1bj9slptn4&quot;&gt;&lt;a id=&quot;11&quot; style=&quot;padding-top: 60px; margin-top: -60px;&quot;&gt;&lt;/a&gt;1.1 Verwendungsbereich der PUMA@LMU-Angebote&lt;/h3&gt;&lt;p&gt;Alle Angebote von PUMA@LMU sowie s&amp;auml;mtliche dort zug&amp;auml;nglichen Dienste und Dateien d&amp;uuml;rfen nur f&amp;uuml;r Bildungszwecke ohne finanzielle bzw. politische Interessen oder Absichten eingesetzt werden. Die Weitergabe von Dateien aus den PUMA@LMU-Angeboten an Dritte (z. B. Filesharing-Portale, Soziale Netzwerke) ist nicht gestattet. Ausgenommen davon sind Inhalte, f&amp;uuml;r die ausdr&amp;uuml;cklich weiter gehende Nutzungsrechte einger&amp;auml;umt sind (z. B. Creative Commons).&lt;br /&gt;Ver&amp;auml;nderungen der Installation und Konfiguration der Anwendungen sowie der Serversoftware und Datenbanken der Mediathek, des Pr&amp;uuml;fungsarchivs und der Lernplattform von PUMA@LMU sind untersagt.&lt;/p&gt;&lt;h3 id=&quot;mcetoc_1bj9slptn5&quot;&gt;&lt;a id=&quot;12&quot;&gt;&lt;/a&gt;1.2 Benutzerkonten und Profile&lt;/h3&gt;&lt;p&gt;Voraussetzung f&amp;uuml;r die Verwendung von PUMA@LMU ist die ordnungsgem&amp;auml;&amp;szlig;e Registrierung bei PUMA@LMU.&amp;nbsp;Dabei werden durch den automatisierten Registrierungsprozess folgende Daten gespeichert:&lt;br /&gt;&lt;br /&gt;&lt;strong&gt;Nachname, Vorname, Geschlecht, E-Mail-Adresse, Schulnummer, Benutzername und Kennwort.&lt;br /&gt;&lt;/strong&gt;&lt;br /&gt;Benutzername und Kennwort wird von PUMA@LMU&amp;nbsp;per E-Mail an den jeweiligen Nutzer oder die&amp;nbsp;Nutzerin versendet. Das Passwort wird verschl&amp;uuml;sselt abgelegt und ist weder der LMU noch dem Administrator von &lt;a href=&quot;mailto:PUMA@LMU&quot;&gt;PUMA@LMU&lt;/a&gt;&amp;nbsp;bekannt. Wird das Kennwort vergessen, m&amp;uuml;ssen sich die Nutzer &amp;uuml;ber die&amp;nbsp;Lernplattform ein neues Kennwort generieren.&lt;br /&gt;Die Vergabe von Zug&amp;auml;ngen, die von mehr als einer Person genutzt werden, ist nicht zul&amp;auml;ssig. Nutzerinnen und Nutzer d&amp;uuml;rfen sich nur unter ihrem pers&amp;ouml;nlichen Benutzernamen anmelden. Sie sind f&amp;uuml;r alle Aktivit&amp;auml;ten verantwortlich, die unter ihrem pers&amp;ouml;nlichen Nutzernamen ablaufen. Die Arbeitsstation, an der sie sich bei PUMA@LMU eingeloggt haben, d&amp;uuml;rfen sie nicht unbeaufsichtigt lassen. Nach Nutzungsende m&amp;uuml;ssen sie sich von den PUMA@LMU-Angeboten abmelden.&lt;br /&gt;Passw&amp;ouml;rter sind geheim zu halten. Jede Nutzerin und jeder Nutzer ist daf&amp;uuml;r verantwortlich, dass nur sie/er allein das pers&amp;ouml;nliche Passwort kennt bzw. ein zugewiesenes Passwort nicht weitergibt.&lt;br /&gt;Das Ausprobieren, das Ausforschen und die Benutzung fremder Zugriffsberechtigungen und sonstiger Authentifizierungsmittel f&amp;uuml;hren zum Nutzungsausschluss von allen Angeboten von PUMA@LMU. Zugriffe auf fremde Inhalte und Daten der PUMA@LMU-Angebote ohne ausdr&amp;uuml;ckliche Zustimmung des Eigent&amp;uuml;mers sind ebenfalls unzul&amp;auml;ssig und werden bei Bekanntwerden verfolgt. Der Einsatz von sog. Spyware (z. B. Sniffer) oder Schadsoftware (z. B. Viren, W&amp;uuml;rmer) ist untersagt.&lt;/p&gt;&lt;p&gt;&amp;nbsp;&lt;/p&gt;&lt;h3 id=&quot;mcetoc_1bj9slptn6&quot;&gt;&lt;a id=&quot;13&quot;&gt;&lt;/a&gt;1.3 Nutzung der Mediathek (Experimentiervideos der LMU)&lt;/h3&gt;&lt;p&gt;Medien der PUMA@LMU-Mediathek d&amp;uuml;rfen nur f&amp;uuml;r Unterrichts- und schulische &amp;Uuml;bungszwecke genutzt werden.&lt;br /&gt;Lehrkr&amp;auml;fte d&amp;uuml;rfen Medien der PUMA@LMU-Mediathek&lt;/p&gt;&lt;ul&gt;&lt;li&gt;in Abh&amp;auml;ngigkeit von der jeweils angebotenen Nutzungsform als Stream und/oder Download verwenden. Video-Inhalte werden Sch&amp;uuml;lerinnen und Sch&amp;uuml;lern nur via Stream zur Verf&amp;uuml;gung gestellt.&lt;/li&gt;&lt;li&gt;auf dem Server der Schule speichern.&lt;/li&gt;&lt;li&gt;auf optische und/oder magnetische Datentr&amp;auml;ger kopieren, soweit dies im Rahmen der schulischen Nutzung erforderlich ist.&lt;/li&gt;&lt;li&gt;den Sch&amp;uuml;lerinnen und Sch&amp;uuml;lern zur Anfertigung von Seminararbeiten, Referaten etc. auf mobilen Datentr&amp;auml;gern in die Hand geben, wobei darauf zu achten ist, dass die Medien nach der Fertigstellung der Arbeit bzw. nach Ablauf des Projektes zur&amp;uuml;ckgegeben werden.&lt;/li&gt;&lt;/ul&gt;&lt;p&gt;Sch&amp;uuml;lerinnen und Sch&amp;uuml;ler d&amp;uuml;rfen Medien der PUMA@LMU-Mediathek&lt;/p&gt;&lt;ul&gt;&lt;li&gt;in Abh&amp;auml;ngigkeit von der jeweils angebotenen Nutzungsform als Stream und/oder Download verwenden. Video-Inhalte werden Sch&amp;uuml;lerinnen und Sch&amp;uuml;lern nur via Stream zur Verf&amp;uuml;gung gestellt.&lt;/li&gt;&lt;li&gt;zur Anfertigung von Seminararbeiten, Referaten etc. nutzen, wobei darauf zu achten ist, dass die Medien nach der Fertigstellung der Arbeit bzw. nach Ablauf des Projektes gel&amp;ouml;scht werden.&lt;/li&gt;&lt;/ul&gt;&lt;p&gt;Bei der Verwendung von Medien ist stets auf die Angabe der in der Mediathek zur Verf&amp;uuml;gung gestellten, auf die einzelnen Medien bezogenen Herkunfts- bzw. Quellenangaben und ggf. Lizenzformen (z. B. bei Creative-Commons-Lizenzen) zu achten. Eine etwaige Ver&amp;ouml;ffentlichung auf der Homepage oder in Printprodukten der Schule sowie eine Weitergabe an Dritte ist nicht zul&amp;auml;ssig. Ausgenommen davon sind Medien, f&amp;uuml;r die ausdr&amp;uuml;cklich weiter gehende Nutzungsrechte einger&amp;auml;umt sind (z. B. Creative Commons).&lt;br /&gt;Soweit die Lizenz zeitlich befristet ist, d&amp;uuml;rfen die Medien der PUMA@LMU-Mediathek in dem beschriebenen Umfang nur f&amp;uuml;r die Dauer des jeweils g&amp;uuml;ltigen Lizenzzeitraumes genutzt werden. Nach Ablauf der Lizenzzeit ist das Medium in der Mediathek nicht mehr abrufbar. Es darf nicht mehr eingesetzt werden und die Nutzerinnen und Nutzer sind verpflichtet, alle auf optischen und/oder magnetischen Datentr&amp;auml;gern abgelegten Kopien zu l&amp;ouml;schen.&lt;/p&gt;&lt;p&gt;&amp;nbsp;&lt;/p&gt;&lt;p&gt;&amp;nbsp;&lt;/p&gt;&lt;h3 id=&quot;mcetoc_1bj9slptn8&quot;&gt;&lt;a id=&quot;14&quot;&gt;&lt;/a&gt;1.4 Nutzung der Lernplattform&lt;/h3&gt;&lt;p&gt;Die Lernplattform bietet virtuelle R&amp;auml;ume zum Online-Lernen, welche die Lehrkr&amp;auml;fte selbst gestalten k&amp;ouml;nnen, indem sie Lerninhalte zur Verf&amp;uuml;gung stellen und Lernaktivit&amp;auml;ten f&amp;uuml;r die Sch&amp;uuml;lerinnen und Sch&amp;uuml;ler organisieren.&lt;br /&gt;Lehrkr&amp;auml;fte k&amp;ouml;nnen innerhalb der Lernplattform Kurse f&amp;uuml;r andere &lt;a href=&quot;mailto:PUMA@LMU&quot;&gt;PUMA@LMU&lt;/a&gt;&amp;nbsp;Mitglieder freigeben (tauschen). Hierzu gelten folgende Erg&amp;auml;nzungen:&lt;/p&gt;&lt;p style=&quot;padding-left: 60px;&quot;&gt;&amp;nbsp;&lt;/p&gt;&lt;h4&gt;&lt;a id=&quot;141&quot;&gt;&lt;/a&gt;1.4.1&amp;nbsp;Freigeben und Tauschen von Kursen&lt;/h4&gt;&lt;p&gt;PUMA@LMU&amp;nbsp;dient dem Austausch von bew&amp;auml;hrten Kursen. Alle in PUMA@LMU angemeldeten Lehrkr&amp;auml;fte k&amp;ouml;nnen entweder eigene Kurse erstellen oder verf&amp;uuml;gbare freigegebene Kurse kopieren.&lt;/p&gt;&lt;h5&gt;&lt;a id=&quot;1411&quot;&gt;&lt;/a&gt;1.4.1.1&amp;nbsp;Freigeben von Kursen&lt;/h5&gt;&lt;p&gt;Erfolgreich im Unterricht erprobte PUMA@LMU-Kurse k&amp;ouml;nnen anderen an PUMA@LMU teilnehmenden Lehrkr&amp;auml;ften zum kostenlosen kopieren angeboten werden.&lt;/p&gt;&lt;h5&gt;&lt;a id=&quot;1412&quot;&gt;&lt;/a&gt;1.4.1.2 Schutzrechte von Dritten&lt;/h5&gt;&lt;p&gt;Die Nutzung der PUMA@LMU&amp;nbsp;Kurs Freigabe hat unter Wahrung s&amp;auml;mtlicher Schutzrechte von Dritten zu erfolgen. Das Anbieten, Hochladen oder Verbreiten von rechtswidrigen Inhalten, insbesondere solchen, die gegen strafrechtliche, datenschutz-rechtliche, pers&amp;ouml;nlichkeitsrechtliche, lizenzrechtliche oder urheberrechtliche Bestimmungen versto&amp;szlig;en, ist unzul&amp;auml;ssig.&lt;br /&gt;Die Ver&amp;ouml;ffentlichung von Stimmaufnahmen und Bildnissen im Sinne des &amp;sect; 22 KunstUrhG auf PUMA@LMU setzt bei der betroffenen Person und/oder deren Erziehungsberechtigte(n) die informierte und freiwillige Zustimmung voraus. F&amp;uuml;r Personen unter 14 Jahren m&amp;uuml;ssen die Erziehungsberechtigten, bei Personen von 14 bis einschlie&amp;szlig;lich 17 Jahren m&amp;uuml;ssen diese selbst und die Erziehungsberechtigten, bei Personen ab 18 Jahren m&amp;uuml;ssen diese selbst wirksam einwilligen. Zuwiderhandlungen k&amp;ouml;nnen zum Ausschluss von der Nutzung der Plattform f&amp;uuml;hren, unbeschadet sonstiger straf- oder zivilrechtlicher Konsequenzen.&lt;/p&gt;&lt;h5&gt;&lt;a id=&quot;1413&quot;&gt;&lt;/a&gt;1.4.1.3 Datenvolumen&lt;/h5&gt;&lt;p&gt;Um unn&amp;ouml;tiges Datenaufkommen zu vermeiden,&amp;nbsp;werden Medien nur einmal hochgeladen (vom urspr&amp;uuml;nglichen Ersteller des Kurses). Im Anschluss werden diese Medien allen Teilnehmern, die diesen Kurs kopiert haben per Datenbankverweis zug&amp;auml;nglich gemacht.&lt;/p&gt;&lt;h5&gt;&lt;a id=&quot;1414&quot;&gt;&lt;/a&gt;1.4.1.4 Rechtfertigungsnachweis&lt;/h5&gt;&lt;p&gt;Innerhalb der bereitgestellten Kurse sollten als Fremdinhalte vornehmlich freie Werke verwendet werden (z. B. Inhalte, die unter einer Lizenz von Creative Commons (CC) stehen). Derjenige, der den PUMA@LMU-Kurses ver&amp;ouml;ffentlicht, ist verpflichtet, f&amp;uuml;r jeden Eigen- und Fremdinhalt den Urheber sowie die entsprechende Herkunft und Lizenz anzugeben. Bei Fremdinhalten, die nicht unter einer freien Lizenz stehen, sondern mit freundlicher Genehmigung des Urhebers verwendet werden d&amp;uuml;rfen, ist der Ersteller des Kurses verpflichtet, eine Weiterverbreitungserlaubnis einzuholen. Falls der Urheber das Werk Dritten zugeschrieben hat (z. B. einer Zeitung oder einer Stiftung), m&amp;uuml;ssen diese ebenfalls genannt werden. Wurde der Fremdinhalt zul&amp;auml;ssigerweise ver&amp;auml;ndert, muss gekennzeichnet werden, dass eine Bearbeitung stattgefunden hat.&lt;/p&gt;&lt;p&gt;Sollten Quellen falsch angegeben und/oder urheberrechtlich gesch&amp;uuml;tztes Material widerrechtlich eingesetzt werden, so haftet derjenige, der den Kurs freigegen hat, f&amp;uuml;r etwaige Anspr&amp;uuml;che Dritter.&lt;br /&gt;&lt;br /&gt;&lt;/p&gt;&lt;p&gt;&amp;nbsp;&lt;/p&gt;&lt;h4&gt;&lt;a id=&quot;142&quot;&gt;&lt;/a&gt;1.4.2 Informations&amp;uuml;bertragung ins Internet&lt;/h4&gt;&lt;p&gt;Der Kursleiter eines Kurses der Lernplattform ist verantwortlich f&amp;uuml;r das Angebot in seinem Kursraum. Es ist verboten, &amp;uuml;ber die Lernplattform von PUMA@LMU Informationen zur Verf&amp;uuml;gung zu stellen, die rechtlichen Grunds&amp;auml;tzen widersprechen. Dies gilt insbesondere f&amp;uuml;r rassistische, ehrverletzende, beleidigende oder aus anderen Gr&amp;uuml;nden gegen geltendes Recht versto&amp;szlig;ende Inhalte. Die Bestimmungen des Bayerischen Datenschutzgesetzes (BayDSG) sind einzuhalten. Dies gilt insbesondere f&amp;uuml;r die Bekanntgabe von Namen, Adressdaten und Fotografien von Personen. Das Erstellen von Audiobeitr&amp;auml;gen mit der eigenen Stimme und deren Ver&amp;ouml;ffentlichung in einem Kurs der Lernplattform setzt bei der betroffenen Person die Freiwilligkeit voraus.&lt;/p&gt;&lt;h4&gt;&lt;a id=&quot;143&quot;&gt;&lt;/a&gt;1.4.3 Umgang mit E-Mail&lt;/h4&gt;&lt;p&gt;Die Angabe einer ung&amp;uuml;ltigen E-Mail-Adresse ist nicht zul&amp;auml;ssig und kann zum Ausschluss von der Nutzung der PUMA@LMU-Angebote f&amp;uuml;hren.&lt;/p&gt;&lt;p&gt;&amp;nbsp;&lt;/p&gt;&lt;h4&gt;&lt;a id=&quot;144&quot;&gt;&lt;/a&gt;1.4.4 Datenvolumen&lt;/h4&gt;&lt;p&gt;Unn&amp;ouml;tiges Datenaufkommen durch Laden von gro&amp;szlig;en Dateien (z. B. Grafiken, Videos oder Audiodateien) &amp;uuml;ber die Lernplattform von PUMA@LMU ist zu vermeiden. Sollte eine Nutzerin / ein Nutzer unberechtigt gr&amp;ouml;&amp;szlig;ere Datenmengen in seinem Arbeitsbereich ablegen, so sind die Administratoren der Lernplattform berechtigt, diese Daten zu l&amp;ouml;schen.&lt;/p&gt;&lt;h4&gt;&lt;a id=&quot;145&quot;&gt;&lt;/a&gt;1.4.5 Sonstige Regelungen&lt;/h4&gt;&lt;p&gt;Der Zugang zu fragw&amp;uuml;rdigen Informationen im Internet kann aus verschiedenen Gr&amp;uuml;nden nicht immer verhindert werden. Die Leiter der Kurse auf der PUMA@LMU-Lernplattform kommen ihrer Aufsichtspflicht gegen&amp;uuml;ber Minderj&amp;auml;hrigen durch regelm&amp;auml;&amp;szlig;ige Kontrolle der in ihren Kursr&amp;auml;umen zur Verf&amp;uuml;gung gestellten Module nach.&lt;/p&gt;&lt;p&gt;&amp;nbsp;&lt;/p&gt;&lt;h3 id=&quot;mcetoc_1bj9slptn9&quot;&gt;&lt;a id=&quot;15&quot;&gt;&lt;/a&gt;1.5 Datensicherheit&lt;/h3&gt;&lt;p&gt;Alle von PUMA@LMU erfassten Daten unterliegen dem Zugriff der Administratoren. Diese k&amp;ouml;nnen bei dringendem Handlungsbedarf unangemeldet Daten einsehen, l&amp;ouml;schen oder ver&amp;auml;ndern. Die Nutzerin / der Nutzer wird &amp;uuml;ber einen solchen Eingriff &amp;ndash; notfalls nachtr&amp;auml;glich &amp;ndash; angemessen informiert.&lt;/p&gt;&lt;p&gt;Ein Rechtsanspruch auf die Sicherung, Speicherung und Verf&amp;uuml;gbarkeit pers&amp;ouml;nlicher Daten (auch: Kurse oder Teile hiervon) besteht gegen&amp;uuml;ber PUMA@LMU nicht. Nur vom System automatisch erstellte Sicherungen von Kursen, die in regelm&amp;auml;&amp;szlig;igen Abst&amp;auml;nden durch das durch die f&amp;uuml;r PUMA@LMU-Verantwortlichen vorgenommen werden, d&amp;uuml;rfen in der Lernplattform von PUMA@LMU gespeichert werden. F&amp;uuml;r Datenverlust durch h&amp;ouml;here Gewalt (z. B. Wasser- oder Brandschaden im IT-DLZ) wird nicht gehaftet.&lt;/p&gt;&lt;p&gt;&amp;nbsp;&lt;/p&gt;&lt;h3 id=&quot;mcetoc_1bj9slptna&quot;&gt;&lt;a id=&quot;2&quot;&gt;&lt;/a&gt;2. Zuwiderhandlungen&lt;/h3&gt;&lt;p&gt;Zuwiderhandlungen gegen diese Ordnung oder ein Missbrauch des Zugangs zu den Angeboten von PUMA@LMU k&amp;ouml;nnen neben dem Entzug der Nutzungsberechtigung auch Schadensersatzforderungen nach sich ziehen.&lt;/p&gt;&lt;h3 id=&quot;mcetoc_1bj9slptnb&quot;&gt;&lt;a id=&quot;3&quot;&gt;&lt;/a&gt;3. Einholen der Einverst&amp;auml;ndniserkl&amp;auml;rung&lt;/h3&gt;&lt;p&gt;Die Nutzung der Angebote von PUMA@LMU ist regelm&amp;auml;&amp;szlig;ig mit einer Erhebung, Verarbeitung und Nutzung personenbezogener Daten verbunden. Gem&amp;auml;&amp;szlig; dem Bayerischen Gesetz &amp;uuml;ber das Erziehungs- und Unterrichtswesen, den Schulordnungen, dem Bayerischen Datenschutzgesetz und der Anlage 10 der Verordnung des Bayerischen Staatsministeriums f&amp;uuml;r Unterricht und Kultus zur Durchf&amp;uuml;hrung des Art. 28 Abs. 2 des Bayerischen Datenschutzgesetzes setzt die Nutzung passwortgesch&amp;uuml;tzter Internetangebote und Lernplattformen die schriftliche Einwilligung durch die Erziehungsberechtigten der Nutzerinnen und Nutzer, die das 14. Lebensjahr noch nicht vollendet haben, bzw. durch die &amp;uuml;ber 14-j&amp;auml;hrigen Nutzerinnen und Nutzer und deren Erziehungsberechtigte voraus. Diese wird&amp;nbsp;&lt;strong&gt;durch die nutzende Schule&lt;/strong&gt;&amp;nbsp;eingeholt.&lt;/p&gt;&lt;p&gt;Die Einholung von Einwilligungen ist nicht erforderlich, wenn der Einsatz von PUMA@LMU zum verpflichtenden Bestandteil des Unterrichts an einer Schule oder in einzelnen Klassen oder Kursen der Schule erkl&amp;auml;rt wird.&lt;/p&gt;&lt;p&gt;Dies ist der Fall, wenn&lt;/p&gt;&lt;ul&gt;&lt;li&gt;ein entsprechender Beschluss der Lehrerkonferenz in Abstimmung mit den ma&amp;szlig;geblichen Schulgremien (insbesondere dem Schulforum) sowie dem Schulaufwandstr&amp;auml;ger vorliegt und&lt;/li&gt;&lt;li&gt;sichergestellt ist, dass betroffenen Sch&amp;uuml;lerinnen und Sch&amp;uuml;lern ohne h&amp;auml;uslichen Internetanschluss kein Nachteil erw&amp;auml;chst. Dies kann beispielsweise dadurch erreicht werden, dass alternative Zugangsm&amp;ouml;glichkeiten in der Schule auch au&amp;szlig;erhalb des Unterrichts zur Verf&amp;uuml;gung gestellt werden.&lt;/li&gt;&lt;/ul&gt;&lt;p&gt;&amp;nbsp;&lt;/p&gt;&lt;h3 id=&quot;mcetoc_1bj9slptnc&quot;&gt;&lt;a id=&quot;4&quot;&gt;&lt;/a&gt;4. Haftungsausschluss&lt;/h3&gt;&lt;p&gt;F&amp;uuml;r den Betrieb der Angebote von PUMA@LMU ist das LRZ&amp;nbsp;verantwortlich. F&amp;uuml;r Ausf&amp;auml;lle von PUMA@LMU, z. B. durch technische Probleme im LRZ, St&amp;ouml;rungen innerhalb des Internets oder w&amp;auml;hrend Wartungsarbeiten, wird keinerlei Haftung &amp;uuml;bernommen.&lt;/p&gt;&lt;h3 id=&quot;mcetoc_1bj9slptnd&quot;&gt;&lt;a id=&quot;5&quot;&gt;&lt;/a&gt;5. Schlussbestimmungen&lt;/h3&gt;&lt;p&gt;Sollten einzelne Bestimmungen dieser Nutzungsbedingungen ganz oder teilweise unwirksam sein oder werden, ber&amp;uuml;hrt dies die Wirksamkeit der &amp;uuml;brigen Bestimmungen nicht.&lt;/p&gt;&lt;p&gt;&lt;strong&gt;Stand:&amp;nbsp;23.06.2017&lt;br /&gt;&lt;/strong&gt;&lt;/p&gt;&lt;/div&gt;', '2017-06-22 00:00:00');

--
-- Daten für Tabelle `agb_user_confirm`
--

INSERT INTO `agb_user_confirm` (`id`, `agbID`, `uID`, `datum`, `status`) VALUES
(1, 1, 1, '2020-10-08 20:23:18', 1);

--
-- Daten für Tabelle `bausteine_typen`
--

INSERT INTO `bausteine_typen` (`bTypID`, `titel`, `bs_dir`, `bs_add`, `bs_show`, `aktiv`, `show`) VALUES
(1, 'Kontrollfragen', '/module/mod_bausteine', 'add_kontrollfragen.php', 'show_kontrollfrage.php', 1, 1),
(2, 'Word Cloud', '/module/mod_bausteine', 'add_wordcloud.php', 'show_wordcloud.php', 1, 1),
(3, 'Abstimmung', '/module/mod_bausteine', 'add_abstimmung.php', 'show_abstimmung.php', 1, 1),
(4, 'YouTube Videos', '/module/mod_bausteine', 'add_YouTube.php', 'show_YouTube.php', 1, 1),
(5, 'Evaluation', '/module/mod_bausteine', 'add_evaluation.php', 'show_evaluation.php', 1, 1),
(6, 'Webpage einbinden', '/module/mod_bausteine', 'add_webpage.php', 'show_webpage.php', 1, 1),
(7, 'Registrierung einbinden', '/module/mod_bausteine', 'add_embed_registration.php', 'show_embed_registration.php', 1, 0),
(8, 'Aussagen ordnen', '/module/mod_bausteine', 'add_order_statements.php', 'show_order_statements.php', 1, 1);

--
--
-- Daten für Tabelle `bausteine`
--

INSERT INTO `bausteine` (`bID`, `bTypID`, `uID`, `parameter`) VALUES
(1, 1, 1, '{\"titel\":\"Hebelgesetz 1\",\"beschreibung\":\"&lt;p&gt;Platziere zun&amp;auml;chst eine Masse von 10kg auf der linken Seite des Hebels.&lt;/p&gt;&lt;p&gt;F&amp;uuml;ge nun auf der rechten Seite ein Massest&amp;uuml;ck hinzu, sodass sich der Hebel im waagrechten Zustand (Gleichgewicht) befindet.&lt;/p&gt;&lt;p&gt;&amp;Uuml;berpr&amp;uuml;fe&amp;nbsp;die nachfolgenden Aussagen und kennzeichne die richtigen Antworten!&lt;/p&gt;\",\"antwortOption\":[\"Ein Massest&uuml;ck mit 5kg ist gleich weit vom Drehpunkt entfernt wie das Massest&uuml;ck mit 10kg.\",\"Das Massest&uuml;ck mit 5kg ist nur halb so weit vom Drehpunkt entfernt wie das Massest&uuml;ck mit 10kg.\",\"Das Massest&uuml;ck mit 5kg ist doppelt so weit vom Drehpunkt entfernt wie das Massest&uuml;ck mit 10kg.\",\"Ein Massest&uuml;ck mit 2kg muss dreimal so weit vom Drehpunkt entfernt sein, wie ein Massest&uuml;ck von 6kg, wenn der Hebel waagrecht sein soll.\"],\"erlaeuterung\":[\"\",\"\",\"\",\"\"],\"richtigeOption\":[\"3\",\"4\"],\"smBut\":\"1\"}'),
(2, 2, 1, '{\"titel\":\"Schwingungen und Wellen\",\"beschreibung\":\"&lt;p&gt;Nenne 5 Begriffe, die dir zum Themenbereich&amp;nbsp;&lt;em&gt;&lt;strong&gt;Schwingungen und Wellen&lt;/strong&gt;&lt;/em&gt; in den Sinn kommen:&lt;/p&gt;\",\"smBut\":\"1\"}'),
(3, 3, 1, '{\"titel\":\"Erwartungen\",\"beschreibung\":\"&lt;p&gt;Was erwarten Sie von einem Multimediaassistenten?&lt;/p&gt;\",\"abstOption\":[\"Flexibel einsetzbar\",\"Kooperationsm&ouml;glichkeiten mit Kolleginnen und Kollegen\",\"interaktive Unterrichtsgestaltung\",\"Minimierung der Vorbereitungsarbeit\",\"sonstiges\"],\"smBut\":\"1\"}'),
(6, 4, 1, '{\"titel\":\"Galileo\",\"ytlink\":\"https://www.youtube.com/watch?v=I8mpulvsd-U&amp;feature=youtu.be\",\"smBut\":\"1\",\"ytID\":\"I8mpulvsd-U\"}'),
(7, 4, 1, '{\"titel\":\"Strom und Spannung\",\"ytlink\":\"https://www.youtube.com/watch?v=exB2sI_dw7A\",\"smBut\":\"1\",\"ytID\":\"exB2sI_dw7A\"}'),
(37, 6, 1, '{\"titel\":\"Druckwasserreaktor\",\"webUrl\":\"https://onedrive.live.com/embed?cid=83CC96D681EE7146&amp;resid=83CC96D681EE7146%21107&amp;authkey=AAy55emxGAYC4sY&amp;em=2\",\"smBut\":\"1\"}'),
(44, 2, 1, '{\"titel\":\"Das Auge\",\"beschreibung\":\"&lt;p&gt;Nenne mindestens f&amp;uuml;nf Begriffe, die du mit dem menschlichen Auge&amp;nbsp;in Verbindung bringst.&lt;/p&gt;&lt;p&gt;Bleibe&amp;nbsp;nach deiner Abgabe 1-2 Minuten auf der Folie&amp;nbsp;um auch die Antworten deiner Mitsch&amp;uuml;lerInnen zu sehen.&lt;/p&gt;\",\"smBut\":\"1\"}'),
(53, 3, 1, '{\"titel\":\"Fischjagd\",\"beschreibung\":\"&lt;p&gt;Der Fischer soll auf Position&amp;nbsp;... zielen&lt;/p&gt;\",\"multiple_abstOption\":\"off\",\"showAuswertung\":\"off\",\"abstOption\":[\"A (hinter den Fisch zielen, also n&auml;her zu ihm heran)\",\"B (genau auf den Fisch zielen)\",\"C (vor den Fisch zielen, also weiter von ihm weg) \"],\"smBut\":\"1\"}'),
(81, 4, 1, '{\"titel\":\"Lesch 1\",\"ytlink\":\"https://www.youtube.com/watch?v=kSMWRmRWKeE\",\"von\":\"89\",\"bis\":\"95\",\"smBut\":\"1\",\"ytID\":\"kSMWRmRWKeE\"}'),
(84, 1, 1, '{\"titel\":\"Brechung\",\"beschreibung\":\"&lt;p&gt;Das Video zeigt&lt;/p&gt;\",\"antwortOption\":[\"Der Lichtstrahl wird vom optisch dichteren Medium weg gebrochen.\",\"Der einfallende Lichtstrahl wird an der Oberfl&auml;che der Linse reflektiert\"],\"erlaeuterung\":[\"&lt;p&gt;Erkl&amp;auml;rung 1&lt;/p&gt;\",\"&lt;p&gt;Erkl&amp;auml;rung 2&lt;/p&gt;\"],\"smBut\":\"1\"}'),
(87, 6, 1, '{\"titel\":\"Geogebra - Auge\",\"webUrl\":\"https://www.geogebra.org/m/fPbPexA8\",\"smBut\":\"1\"}'),
(89, 6, 1, '{\"titel\":\"Weitsichtigkeit\",\"webUrl\":\"https://www.geogebra.org/m/fPbPexA8\",\"smBut\":\"1\"}'),
(90, 6, 1, '{\"titel\":\"Weitsichtigkeit\",\"webUrl\":\"https://www.geogebra.org/m/fPbPexA8\",\"smBut\":\"1\"}'),
(91, 2, 1, '{\"titel\":\"Energiebegriff\",\"beschreibung\":\"&lt;p&gt;Nenne mindestens drei Begriffe, die du mit dem Begriff der &quot;Energie&quot;&amp;nbsp;in Verbindung bringst.&lt;/p&gt;&lt;p&gt;Bleibe&amp;nbsp;nach deiner Abgabe 1-2 Minuten auf der Folie&amp;nbsp;um auch die Antworten deiner Mitsch&amp;uuml;lerInnen zu sehen.&lt;/p&gt;\",\"smBut\":\"1\"}'),
(155, 4, 1, '{\"titel\":\"Minions\",\"ytlink\":\"https://www.youtube.com/watch?v=Xm0UhXu-FvQ\",\"von\":\"60\",\"bis\":\"80\",\"smBut\":\"1\",\"ytID\":\"Xm0UhXu-FvQ\"}'),
(169, 5, 1, '{\"titel\":\"Fotowettbewerb 2017\",\"beschreibung\":\"\",\"FrageGroupsSel\":[\"38\"],\"smBut\":\"1\"}'),
(193, 5, 1, '{\"titel\":\"Lehre@LMU - Allgemein\",\"beschreibung\":\"\",\"FrageGroupsSel\":[\"44\"],\"smBut\":\"1\"}'),
(194, 5, 1, '{\"titel\":\"Lehre@LMU - Sch&uuml;lerbesuch\",\"beschreibung\":\"\",\"FrageGroupsSel\":[\"42\"],\"smBut\":\"1\"}'),
(195, 5, 1, '{\"titel\":\"Lehre@LMU - Videoanalyse\",\"beschreibung\":\"\",\"FrageGroupsSel\":[\"43\"],\"smBut\":\"1\"}'),
(308, 4, 1, '{\"titel\":\"IGG FYG3\",\"ytlink\":\"https://www.youtube.com/watch?v=0I5L8fTnl0A\",\"von\":\"20\",\"bis\":\"25\",\"smBut\":\"1\",\"ytID\":\"0I5L8fTnl0A\"}'),
(331, 4, 1, '{\"titel\":\"DLR Sternentstehung\",\"ytlink\":\"https://www.youtube.com/watch?v=UsLgIgOBRcw\",\"von\":\"\",\"bis\":\"\",\"smBut\":\"1\",\"ytID\":\"UsLgIgOBRcw\"}'),
(332, 6, 1, '{\"titel\":\"Sternentstehung - Artikel aus Sterne und Weltraum M&auml;rz 2014\",\"webUrl\":\"http://www.physik-workshop.de/media/suw/suw_2014_3_S40_Sternentstehung.pdf\",\"smBut\":\"1\"}'),
(333, 4, 1, '{\"titel\":\"Sternentstehung - Vorlesung Englisch\",\"ytlink\":\"https://www.youtube.com/watch?v=CEXyD7qNlDM\",\"von\":\"\",\"bis\":\"720\",\"smBut\":\"1\",\"ytID\":\"CEXyD7qNlDM\"}'),
(334, 8, 1, '{\"titel\":\"Sternentstehung\",\"beschreibung\":\"\",\"antwortOption\":[\"Ein Emissionsnebel (z.B. Adlernebel, Orionnebel) besteht aus molekularem Gas\",\"Abh&auml;ngig von der Masse der Wolke molekularem Gases beginnt diese gravitativ zu Kollabieren\",\"Bei der Kontraktion wird Gravitationsenergie freigesetzt.\",\"Freiwerdende Energie wird in Form von Infrarotstrahlung abgestrahlt (Nachweis mit Hilfe von zu meist orbitalen Teleskopen)\",\"Die durch den gravitativen Kollaps entstandene Struktur bezeichnen wir als Protostern. Dieser erh&auml;lt seine Energie AUSSCHLIE&szlig;LICH aus der freiwerdenden Gravitationsenergie\",\"Durch den Kollaps steigt neben der Temperatur auch die Rotationsgeschwindigkeit (vgl. Pirouette einer Eiskunstl&auml;uferin)\",\"Als Folge der zunehmenden Rotationsgeschwindigkeit bildet sich eine Akkretionsscheibe oder auch Protoplanetare Scheibe. Aus dieser heraus str&ouml;mt weiter Masse auf den Stern ein. (weitere Massenzunahme)\",\"Bei einer weiter zunehmenden Rotationsgeschwindigkeit w&uuml;rde eine weitergehende Kontraktion verhindert werden.  Jedoch bilden sich mit zunehmender Rotationsgeschwindigkeit sogenannte Jets, die Materie und teile des Drehimpulses in den interstellaren Raum abf&uuml;hren.\",\"Durch weitergehenden Kollaps steigt die Temperatur weiter an, bis schlie&szlig;lich bei etwa 10-15 Mio K die Kernfusion einsetzt und der Stern geboren ist.\"],\"smBut\":\"1\",\"order\":[\"1\",\"2\",\"3\",\"4\",\"6\",\"5\",\"7\",\"8\",\"9\"],\"CombinedOptions\":{\"1\":\"Ein Emissionsnebel (z.B. Adlernebel, Orionnebel) besteht aus molekularem Gas\",\"2\":\"Abh&auml;ngig von der Masse der Wolke molekularem Gases beginnt diese gravitativ zu Kollabieren\",\"3\":\"Bei der Kontraktion wird Gravitationsenergie freigesetzt.\",\"4\":\"Freiwerdende Energie wird in Form von Infrarotstrahlung abgestrahlt (Nachweis mit Hilfe von zu meist orbitalen Teleskopen)\",\"6\":\"Die durch den gravitativen Kollaps entstandene Struktur bezeichnen wir als Protostern. Dieser erh&auml;lt seine Energie AUSSCHLIE&szlig;LICH aus der freiwerdenden Gravitationsenergie\",\"5\":\"Durch den Kollaps steigt neben der Temperatur auch die Rotationsgeschwindigkeit (vgl. Pirouette einer Eiskunstl&auml;uferin)\",\"7\":\"Als Folge der zunehmenden Rotationsgeschwindigkeit bildet sich eine Akkretionsscheibe oder auch Protoplanetare Scheibe. Aus dieser heraus str&ouml;mt weiter Masse auf den Stern ein. (weitere Massenzunahme)\",\"8\":\"Bei einer weiter zunehmenden Rotationsgeschwindigkeit w&uuml;rde eine weitergehende Kontraktion verhindert werden.  Jedoch bilden sich mit zunehmender Rotationsgeschwindigkeit sogenannte Jets, die Materie und teile des Drehimpulses in den interstellaren Raum abf&uuml;hren.\",\"9\":\"Durch weitergehenden Kollaps steigt die Temperatur weiter an, bis schlie&szlig;lich bei etwa 10-15 Mio K die Kernfusion einsetzt und der Stern geboren ist.\"}}'),
(335, 6, 1, '{\"titel\":\"Sternentstehung - Cosmos Indirekt Lexikon\",\"webUrl\":\"https://physik.cosmos-indirekt.de/Physik-Schule/Sternentstehung\",\"smBut\":\"1\"}'),
(336, 6, 1, '{\"titel\":\"Hertzsprung-Russel-Diagramm\",\"webUrl\":\"https://onedrive.live.com/embed?cid=4B9CC2F747C452A6&amp;resid=4B9CC2F747C452A6%2196938&amp;authkey=AHmUNCoyo0AhiBE&amp;em=2\",\"smBut\":\"1\"}'),
(337, 1, 1, '{\"titel\":\"Hertzsprung-Russel-Diagramm - Kontrollfragen\",\"beschreibung\":\"\",\"antwortOption\":[\"Befindet sich ein Stern auf der Hauptreihe, so findet in seinem Kern das Wasserstoff-Brennen statt.\",\"Das HRD erm&ouml;glicht eine Aussage &uuml;ber das Alter von Sternhaufen.\",\"Das HRD kann zur Entfernungsbestimmung verwendet weden.\",\"Mit dem HRD l&auml;sst sich bestimmen, in welchem Stadium seiner Entwicklung sich ein Stern gerade befindet.\",\"Das HRD erm&ouml;glicht eine Aussage dar&uuml;ber, ob um einen Stern ein Planetensystem existiert.\"],\"richtigeOption\":[\"1\",\"2\",\"3\",\"4\"],\"erlaeuterung\":[\"\",\"&lt;p&gt;&lt;img style=&quot;float: right;&quot; src=&quot;../../media/uploads/1_5bfbbb9e94eeb.jpg&quot; width=&quot;100%&quot; /&gt;Vergleichen wir das HRD eines Sternhaufens mit dem der Milchstra&amp;szlig;e oder dem eines anderen Sternhaufens, so k&amp;ouml;nnen wir strukturelle Unterschiede beobachten, die auf das Alter des Sternhaufens hindeuten:&lt;/p&gt;&lt;ul&gt;&lt;li&gt;Gibt es im HRD des Sternhaufens im Vergleich zum HRD eines zweiten Sternhaufens Rote Riese / &amp;Uuml;berriesen. Dann deutet das darauf hin, dass der Sternhaufen, in dem es Rote Riesen / &amp;Uuml;berriesen gibt, &amp;auml;lter ist, da hier bereits weitere Entwicklungsschritte stattgefunden haben.&lt;/li&gt;&lt;li&gt;Je k&amp;uuml;rzer die Hauptreihe ist, desto &amp;auml;lter ist der Sternhaufen. Das ist insofern stimmig, da massereichere Sterne eine h&amp;ouml;here Leuchtkraft besitzen und sich damit weiter (links) oben auf der Hauptreihe befinden. Diese massereichen Sterne besitzen aber eine geringere Lebensdauer / Verweildauer auf der Hauptreihe. Gibt es hier keine Sterne mehr, dann haben diese bereits weitere Entwicklungsstadien erreicht. Nebenstehendes Bild zeig beispielsweise, dass die Hauptreihe der Hyaden deutlich unterhalb der Hauptreihe der Plejaden endet &lt;math xmlns=&quot;http://www.w3.org/1998/Math/MathML&quot;&gt;&lt;mo&gt;&amp;#8658;&lt;/mo&gt;&lt;/math&gt; Pejaden (ca. 80 Mio Jahre) sind j&amp;uuml;nger als Hyaden (ca 600Mio Jahre)&lt;/li&gt;&lt;/ul&gt;&lt;p&gt;&amp;nbsp;&lt;/p&gt;\",\"&lt;p&gt;&lt;img style=&quot;float: right;&quot; src=&quot;../../media/uploads/1_5bfbc4c890b70.gif&quot; width=&quot;100%&quot; /&gt;Wir betrachten einen Sternhaufen (Ansammlung von Sternen die vergleichsweise nahe zusammenstehen und miteinander wechselwirken)&lt;/p&gt;&lt;p&gt;Das Licht aller Sterne des Sternhaufens hat in etwa den gleichen Weg zur Erde.&lt;/p&gt;&lt;p&gt;Messung von &lt;strong&gt;&lt;span style=&quot;color: #ff0000;&quot;&gt;scheinbaren&lt;/span&gt; Helligkeiten&lt;/strong&gt; und Farbindizes/Spektralklassen m&amp;ouml;glichst vieler Sterne des Sternhaufen.&amp;nbsp;&lt;math xmlns=&quot;http://www.w3.org/1998/Math/MathML&quot;&gt;&lt;mo&gt;&amp;#8658;&lt;/mo&gt;&lt;/math&gt;&amp;nbsp;Eintragen in ein eigenes Hertzsprung-Russel-Diagramm&lt;/p&gt;&lt;p&gt;Vergleich des entstandenen HRDs mit einem HRD eines Sternhaufens, dessen Entfernung bekannt ist:&lt;/p&gt;&lt;p&gt;Unter der Grundannahme, dass die &lt;strong&gt;&lt;span style=&quot;color: #0000ff;&quot;&gt;absolute &lt;/span&gt;Helligkeit&lt;/strong&gt; der Hauptreihe f&amp;uuml;r alle Sternhaufen gleich ist kann ein Helligkeitsunterschied zwischen der scheinbaren Helligkeit des zu untersuchenden Sternhaufens und der absoluten Helligkeit des bekannten Sternhaufens (Referenzobjekt) ermittelt werden.&lt;/p&gt;&lt;p&gt;Mit Hilfe des Entfernungsmoduls l&amp;auml;sst sich so eine Entfernung des Sternhaufens von der Erde angeben.&lt;/p&gt;\",\"&lt;p&gt;Befindet sich ein Stern aktuell auf der Hauptreihe, so fusioniert er in seinem Kern Wasserstoff zu Helium. Dies ist die l&amp;auml;ngste Phase seines Lebens.&amp;nbsp;&lt;/p&gt;&lt;p&gt;Befindet sich ein Stern jedoch im Bereich der Roten Riesen, so hat in seinem Kern die Fusion von Helium zu h&amp;ouml;hren Elementen wie Kohlenstoff und Sauerstoff eingesetzt.&amp;nbsp;&lt;/p&gt;&lt;p&gt;Befindet sich ein Stern im Bereich der &amp;Uuml;berriesen, so haben noch h&amp;ouml;here Fusionsprozesse, bis zum Endprodukt &quot;Eisen&quot; eingesetzt.&amp;nbsp;&lt;/p&gt;&lt;p&gt;Befindet sich ein &quot;Stern&quot; im Bereich der Wei&amp;szlig;en Zwerge, hat dieser, zuvor sonnen&amp;auml;hnliche Stern, bereits ein sehr weit fortgeschrittenes Etwicklungsstadium erreicht. Er betreibt keinerlei Kernfusion sondern k&amp;uuml;hlt &amp;uuml;ber mehrere Milliarden Jahre hinweg langsam aus.&lt;/p&gt;\",\"&lt;p&gt;Das HRD beinhaltet lediglich Informationen &amp;uuml;ber den Stern selbst. Aus dem Licht das der Stern zu uns sendet, lassen sich daher seine Eigenschaften wie Masse, Leuchtkraft, Oberfl&amp;auml;chentemperatur etc. ermitteln, nicht jedoch Aussagen treffen, die Objekte in seiner Umgebung betreffen.&lt;/p&gt;\"],\"smBut_stay\":\"1\"}'),
(338, 1, 1, '{\"titel\":\"Entfernungsmodul - HRD - Plejaden (M45)\",\"beschreibung\":\"&lt;p&gt;Ermitteln Sie die Entfernung der Plejaden vom Beobachtungsort Erde aus.&lt;/p&gt;&lt;p&gt;&amp;Uuml;berpr&amp;uuml;fen Sie Ihr Ergebnis, indem Sie die richtige(n) Antwortoption(en) auswh&amp;auml;len.&lt;/p&gt;\",\"antwortOption\":[\"Die Plejaden sind etwa 136pc von der Erde entfernt.\",\"Die Plejaden sind etwa 80pc von der Erde entfernt.\",\"Die Plejaden sind etwa 627Lj von der Erde entfernt.\",\"Die Plejaden sind etwa 440Lj von der Erde entfernt.\"],\"richtigeOption\":[\"1\",\"4\"],\"erlaeuterung\":[\"\",\"\",\"\",\"\"],\"smBut\":\"1\"}'),
(339, 1, 1, '{\"titel\":\"Cepheid Nr. 9\",\"beschreibung\":\"&lt;p&gt;Bearbeiten Sie obenstehende Aufgabe und geben Sie an, ob nachfolgende Aussagen richtig oder falsch sind.&lt;/p&gt;\",\"antwortOption\":[\"Die Periode des Cepheiden Nr. 9 betr&auml;gt etwa 3,5d\",\"Die Periode des Cepheiden Nr. 9 betr&auml;gt etwa 7,3d\",\"Die mittlere Absolute Helligkeit des Cepheiden Nr. 9 betr&auml;gt etwa -3,72\",\"Die mittlere Absolute Helligkeit des Cepheiden Nr. 9 betr&auml;gt etwa -2,87\",\"Cepheid Nr. 9 ist etwa 1832pc von uns entfernt\",\"Cepheid Nr. 9 ist etwa 1940pc von uns entfernt\"],\"richtigeOption\":[\"1\",\"4\",\"5\"],\"erlaeuterung\":[\"\",\"&lt;p&gt;Dies ist die Periode von Cepheid Nr. 1&lt;/p&gt;\",\"&lt;p&gt;Dies ist die mittlere Absolute Helligkeit von Cepheid Nr. 1&lt;/p&gt;\",\"\",\"\",\"&lt;p&gt;Dies ist die Entfernung von Cepheid Nr. 1&lt;/p&gt;\"],\"smBut_stay\":\"1\"}'),
(340, 4, 1, '{\"titel\":\"Adaptive Optik\",\"ytlink\":\"https://www.youtube.com/watch?v=gkKN4vsWK6k\",\"von\":\"\",\"bis\":\"\",\"smBut\":\"1\",\"ytID\":\"gkKN4vsWK6k\"}'),
(341, 4, 1, '{\"titel\":\"Kosmische Geschwindigkeiten (The Simple Physics)\",\"ytlink\":\"https://www.youtube.com/watch?v=-2o8_JvniDM\",\"von\":\"\",\"bis\":\"155\",\"smBut\":\"1\",\"ytID\":\"-2o8_JvniDM\"}');

-- Daten für Tabelle `baustein_folie_position_match`
--

INSERT INTO `baustein_folie_position_match` (`fID`, `bID`, `blockID`) VALUES
(30, 1, 'bID_2'),
(533, 1, 'bID_2'),
(34, 2, 'bID_1'),
(428, 2, 'bID_2'),
(34, 3, 'bID_2'),
(205, 7, 'bID_1'),
(403, 37, 'bID_2'),
(538, 44, 'bID_1'),
(405, 49, 'bID_1'),
(537, 53, 'bID_2'),
(533, 84, 'bID_1'),
(528, 87, 'bID_1'),
(538, 87, 'bID_2'),
(539, 91, 'bID_top'),
(1633, 334, 'bID_2'),
(1633, 335, 'bID_1'),
(1642, 336, 'bID_1'),
(1642, 337, 'bID_2'),
(1644, 338, 'bID_2'),
(1645, 339, 'bID_bottom'),
(1646, 340, 'bID_2'),
(1655, 340, 'bID_2'),
(539, 341, 'bID_1');

--
-- Daten für Tabelle `fragen`
--

INSERT INTO `fragen` (`FrageID`, `SkalaTyp`, `uID`, `parameter`) VALUES
(17, 1, 1, '{\"titel\":\"Sequenzierung\",\"FrageTXT\":\"Eine folgerichtige Sequenzierung ist vorhanden.\",\"FrageTipp\":\" \",\"FrageLabMax\":\"voll und&lt;br&gt;ganz\",\"FrageMax\":\"100\",\"FrageLabMin\":\"&uuml;berhaupt&lt;br&gt;nicht\",\"FrageMin\":\"0\"}'),
(20, 1, 1, '{\"titel\":\"Fachsprache\",\"FrageTXT\":\"Die Fachsprache wurde souver&auml;n und durchgehend eingesetzt.\",\"FrageTipp\":\" \",\"FrageLabMax\":\"voll und&lt;br&gt;ganz\",\"FrageMax\":\"100\",\"FrageLabMin\":\"&uuml;berhaupt&lt;br&gt;nicht\",\"FrageMin\":\"0\"}'),
(26, 1, 1, '{\"titel\":\"Experimentierger&auml;te\",\"FrageTXT\":\"Die verwendeten Ger&auml;te und deren Funktion wird gekl&auml;rt.\",\"FrageTipp\":\" \",\"FrageLabMax\":\"voll und&lt;br&gt;ganz\",\"FrageMax\":\"100\",\"FrageLabMin\":\"&uuml;berhaupt&lt;br&gt;nicht\",\"FrageMin\":\"0\"}'),
(28, 1, 1, '{\"titel\":\"Sch&uuml;lergerechte Sprechweise\",\"FrageTXT\":\"Die Sprechweise ist immer sch&uuml;ler- und altersgerecht.\",\"FrageTipp\":\" \",\"FrageLabMax\":\"voll und&lt;br&gt;ganz\",\"FrageMax\":\"100\",\"FrageLabMin\":\"&uuml;berhaupt&lt;br&gt;nicht\",\"FrageMin\":\"0\"}'),
(29, 1, 1, '{\"titel\":\"Lenkung der Aufmerksamkeit\",\"FrageTXT\":\"Die Aufmerksamkeit der Sch&uuml;lerinnen und Sch&uuml;ler wurde immer auf den gerade aktuell wichtigen Aspekt gelenkt.\",\"FrageTipp\":\" \",\"FrageLabMax\":\"voll und&lt;br&gt;ganz\",\"FrageMax\":\"100\",\"FrageLabMin\":\"&uuml;berhaupt&lt;br&gt;nicht\",\"FrageMin\":\"0\"}'),
(30, 1, 1, '{\"titel\":\"Aufmerksamkeitslenkung - Operatoren\",\"FrageTXT\":\"Um die Aufmerksamkeit der Sch&uuml;lerinnen und Sch&uuml;ler zu lenken wurden immer passende Operatoren verwendet.\",\"FrageTipp\":\" \",\"FrageLabMax\":\"voll und&lt;br&gt;ganz\",\"FrageMax\":\"0100\",\"FrageLabMin\":\"&uuml;berhaupt&lt;br&gt;nicht\",\"FrageMin\":\"0\"}'),
(31, 1, 1, '{\"titel\":\"fachliche Korrektheit\",\"FrageTXT\":\"Die Erkl&auml;rung / die Beschreibung war physikalisch korrekt.\",\"FrageTipp\":\" \",\"FrageLabMax\":\"voll und&lt;br&gt;ganz\",\"FrageMax\":\"100\",\"FrageLabMin\":\"&uuml;berhaupt&lt;br&gt;nicht\",\"FrageMin\":\"0\"}'),
(32, 1, 1, '{\"titel\":\"Gliederung\",\"FrageTXT\":\"Eine sprachlich Gliederung ist deutlich erkennbar.\",\"FrageTipp\":\" \",\"FrageLabMax\":\"voll und&lt;br&gt;ganz\",\"FrageMax\":\"100\",\"FrageLabMin\":\"&uuml;berhaupt&lt;br&gt;nicht\",\"FrageMin\":\"0\"}'),
(33, 1, 1, '{\"titel\":\"Vorwissen\",\"FrageTXT\":\"An das Vorwissen der Sch&uuml;lerinnen und Sch&uuml;ler (Adressaten) wird angekn&uuml;pft.\",\"FrageTipp\":\" \",\"FrageLabMax\":\"voll und&lt;br&gt;ganz\",\"FrageMax\":\"100\",\"FrageLabMin\":\"&uuml;berhaupt&lt;br&gt;nicht\",\"FrageMin\":\"0\"}'),
(34, 1, 1, '{\"titel\":\"Sequenzablauf\",\"FrageTXT\":\"Nach l&auml;ngeren Passagen werden wichtige Begriffe/Aussagen zusammengefasst.\",\"FrageTipp\":\" \",\"FrageLabMax\":\"voll und&lt;br&gt;ganz\",\"FrageMax\":\"100\",\"FrageLabMin\":\"&uuml;berhaupt&lt;br&gt;nicht\",\"FrageMin\":\"0\"}'),
(35, 1, 1, '{\"titel\":\"Fremdw&ouml;rter\",\"FrageTXT\":\"Es wird auf ungebr&auml;uchliche, exotische und inhaltsleere W&ouml;rter und Floskeln verzichtet.\",\"FrageTipp\":\" \",\"FrageLabMax\":\"voll und&lt;br&gt;ganz\",\"FrageMax\":\"0100\",\"FrageLabMin\":\"&uuml;berhaupt&lt;br&gt;nicht\",\"FrageMin\":\"0\"}'),
(36, 1, 1, '{\"titel\":\"Fachbegriffe\",\"FrageTXT\":\"Fachbegriffe und Abk&uuml;rzungen werden definiert und erl&auml;utert.\",\"FrageTipp\":\" \",\"FrageLabMax\":\"voll und&lt;br&gt;ganz\",\"FrageMax\":\"100\",\"FrageLabMin\":\"&uuml;berhaupt&lt;br&gt;nicht\",\"FrageMin\":\"0\"}'),
(37, 1, 1, '{\"titel\":\"einfache Sprache\",\"FrageTXT\":\"Die Sprache ist einfach zu verstehen (keine komplexen Satzkonstruktionen, Schachtels&auml;tze).\",\"FrageTipp\":\" \",\"FrageLabMax\":\"voll und&lt;br&gt;ganz\",\"FrageMax\":\"100\",\"FrageLabMin\":\"&uuml;berhaupt&lt;br&gt;nicht\",\"FrageMin\":\"0\"}'),
(38, 1, 1, '{\"titel\":\"roter Faden\",\"FrageTXT\":\"Inhaltliche Bez&uuml;ge sind eindeutig. / Der rote Faden ist immer klar erkennbar.\",\"FrageTipp\":\" \",\"FrageLabMax\":\"voll und&lt;br&gt;ganz\",\"FrageMax\":\"100\",\"FrageLabMin\":\"&uuml;berhaupt&lt;br&gt;nicht\",\"FrageMin\":\"0\"}'),
(39, 1, 1, '{\"titel\":\"Denkanregungen\",\"FrageTXT\":\"Es sind Anregungen zum Vorstellen und Denken vorhanden.\",\"FrageTipp\":\" \",\"FrageLabMax\":\"voll und&lt;br&gt;ganz\",\"FrageMax\":\"0100\",\"FrageLabMin\":\"&uuml;berhaupt&lt;br&gt;nicht\",\"FrageMin\":\"0\"}'),
(40, 1, 1, '{\"titel\":\"Einf&uuml;hrung\",\"FrageTXT\":\"Aus der Einf&uuml;hrung wird klar, worum es geht.\",\"FrageTipp\":\" \",\"FrageLabMax\":\"voll und&lt;br&gt;ganz\",\"FrageMax\":\"100\",\"FrageLabMin\":\"&uuml;berhaupt&lt;br&gt;nicht\",\"FrageMin\":\"0\"}'),
(41, 1, 1, '{\"titel\":\"Resultate werden hervorgestellt\",\"FrageTXT\":\"Die richtigen/wichtigen Resultate werden deutlich hervorgestellt.\",\"FrageTipp\":\" \",\"FrageLabMax\":\"voll und&lt;br&gt;ganz\",\"FrageMax\":\"0100\",\"FrageLabMin\":\"&uuml;berhaupt&lt;br&gt;nicht\",\"FrageMin\":\"0\"}'),
(42, 1, 1, '{\"titel\":\"Experiment verstehen\",\"FrageTXT\":\"Auf das Verstehen des Experiments wird hingearbeitet.\",\"FrageTipp\":\" \",\"FrageLabMax\":\"voll und&lt;br&gt;ganz\",\"FrageMax\":\"100\",\"FrageLabMin\":\"&uuml;berhaupt&lt;br&gt;nicht\",\"FrageMin\":\"0\"}'),
(43, 1, 1, '{\"titel\":\"Hypothesen\",\"FrageTXT\":\"Hypothesen werden formuliert.\",\"FrageTipp\":\" \",\"FrageLabMax\":\"voll und&lt;br&gt;ganz\",\"FrageMax\":\"100\",\"FrageLabMin\":\"&uuml;berhaupt&lt;br&gt;nicht\",\"FrageMin\":\"0\"}'),
(44, 1, 1, '{\"titel\":\"Zusammenfassung\",\"FrageTXT\":\"Beobachtungen werden nach einer kurzen Denkpause zusammengefasst.\",\"FrageTipp\":\" \",\"FrageLabMax\":\"voll und&lt;br&gt;ganz\",\"FrageMax\":\"100\",\"FrageLabMin\":\"&uuml;berhaupt&lt;br&gt;nicht\",\"FrageMin\":\"0\"}'),
(45, 1, 1, '{\"titel\":\"Aufbau\",\"FrageTXT\":\"Der Aufbau wird erkl&auml;rt\",\"FrageTipp\":\" \",\"FrageLabMax\":\"voll und&lt;br&gt;ganz\",\"FrageMax\":\"100\",\"FrageLabMin\":\"&uuml;berhaupt&lt;br&gt;nicht\",\"FrageMin\":\"0\"}'),
(46, 1, 1, '{\"titel\":\"Stereotypen\",\"FrageTXT\":\"Zahlreiche Stereotypen wurden verwendet.\",\"FrageTipp\":\" \",\"FrageLabMax\":\"voll und&lt;br&gt;ganz\",\"FrageMax\":\"100\",\"FrageLabMin\":\"&uuml;berhaupt&lt;br&gt;nicht\",\"FrageMin\":\"0\"}'),
(47, 1, 1, '{\"titel\":\"leicht verst&auml;ndlich\",\"FrageTXT\":\"Die Sprechweise ist klar und deutlich.\",\"FrageTipp\":\" \",\"FrageLabMax\":\"voll und&lt;br&gt;ganz\",\"FrageMax\":\"0100\",\"FrageLabMin\":\"&uuml;berhaupt&lt;br&gt;nicht\",\"FrageMin\":\"0\"}'),
(48, 1, 1, '{\"titel\":\"Hilfestellungen\",\"FrageTXT\":\"Die Hilfestellungen haben mir beim Beobachten geholfen.\",\"FrageTipp\":\" \",\"FrageLabMax\":\"voll und&lt;br&gt;ganz\",\"FrageMax\":\"100\",\"FrageLabMin\":\"&uuml;berhaupt&lt;br&gt;nicht\",\"FrageMin\":\"0\"}'),
(49, 1, 1, '{\"titel\":\"Verst&auml;ndnis\",\"FrageTXT\":\"Es wurden Begriffe genannt, die ich nicht verstanden habe.\",\"FrageTipp\":\"z.B. Fachw&ouml;rter die du noch nie geh&ouml;rt hast.\",\"FrageLabMax\":\"gar keine\",\"FrageMax\":\"100\",\"FrageLabMin\":\"sehr viele\",\"FrageMin\":\"0\"}'),
(50, 1, 1, '{\"titel\":\"Motivation\",\"FrageTXT\":\"Ich f&uuml;hle mich motiviert, mich mit dem Thema intensiver zu besch&auml;ftigen.\",\"FrageTipp\":\" \",\"FrageLabMax\":\"voll und&lt;br&gt;ganz\",\"FrageMax\":\"100\",\"FrageLabMin\":\"&uuml;berhaupt&lt;br&gt;nicht\",\"FrageMin\":\"0\"}'),
(51, 1, 1, '{\"titel\":\"weitere Videos (Student)\",\"FrageTXT\":\"Ich m&ouml;chte &ouml;fter Videos von diesem Studierenden zur Wiederholung nutzen.\",\"FrageTipp\":\" \",\"FrageLabMax\":\"voll und&lt;br&gt;ganz\",\"FrageMax\":\"100\",\"FrageLabMin\":\"&uuml;berhaupt&lt;br&gt;nicht\",\"FrageMin\":\"0\"}'),
(52, 1, 1, '{\"titel\":\"weitere Videos (allgemein)\",\"FrageTXT\":\"Generell m&ouml;chte ich h&auml;ufiger derartige Videos zur Wiederholung nutzen.\",\"FrageTipp\":\" \",\"FrageLabMax\":\"voll und&lt;br&gt;ganz\",\"FrageMax\":\"100\",\"FrageLabMin\":\"&uuml;berhaupt&lt;br&gt;nicht\",\"FrageMin\":\"0\"}'),
(53, 1, 1, '{\"titel\":\"Anschaulichkeit\",\"FrageTXT\":\"Ich kann mir, dank der Hinweise des Studierenden, vorstellen, wo dieses Ph&auml;nomen im Alltag auftaucht.\",\"FrageTipp\":\" \",\"FrageLabMax\":\"voll und&lt;br&gt;ganz\",\"FrageMax\":\"100\",\"FrageLabMin\":\"&uuml;berhaupt&lt;br&gt;nicht\",\"FrageMin\":\"0\"}'),
(54, 1, 1, '{\"titel\":\"Hypothesen\",\"FrageTXT\":\"Die zu beginn aufgeworfene Fragestellung kann ich durch das Video beantworten.\",\"FrageTipp\":\" \",\"FrageLabMax\":\"voll und&lt;br&gt;ganz\",\"FrageMax\":\"100\",\"FrageLabMin\":\"&uuml;berhaupt&lt;br&gt;nicht\",\"FrageMin\":\"0\"}');

--
-- Daten für Tabelle `fragen_groups`
--

INSERT INTO `fragen_groups` (`FGroupID`, `uID`, `parameter`) VALUES
(1, 1, '{\"GroupTitel\":\"Experimente beschreiben und beobachten\"}'),
(2, 1, '{\"GroupTitel\":\"Sprache\"}'),
(3, 1, '{\"GroupTitel\":\"Vertonung - Sch&uuml;ler 1\"}'),
(4, 1, '{\"GroupTitel\":\"Adressatengerecht\"}'),
(6, 1, '{\"GroupTitel\":\"Experimentiervorgang\"}'),
(7, 1, '{\"GroupTitel\":\"Sequenzablauf\"}');

--
-- Daten für Tabelle `fragen_groups_fragen_match`
--

INSERT INTO `fragen_groups_fragen_match` (`FrageID`, `FGroupID`) VALUES
(17, 1),
(20, 1),
(26, 1),
(29, 1),
(30, 1),
(32, 1),
(35, 1),
(37, 1),
(38, 1),
(40, 1),
(41, 1),
(42, 1),
(43, 1),
(44, 1),
(45, 1),
(20, 2),
(28, 2),
(31, 2),
(35, 2),
(36, 2),
(37, 2),
(46, 2),
(47, 3),
(48, 3),
(49, 3),
(50, 3),
(51, 3),
(52, 3),
(53, 3),
(54, 3),
(20, 4),
(31, 4),
(33, 4),
(35, 4),
(36, 4),
(37, 4),
(39, 4),
(42, 4),
(45, 4),
(46, 4),
(17, 6),
(26, 6),
(29, 6),
(30, 6),
(38, 6),
(41, 6),
(42, 6),
(43, 6),
(44, 6),
(45, 6),
(17, 7),
(32, 7),
(34, 7),
(38, 7),
(40, 7),
(41, 7);

--
-- Daten für Tabelle `kurs_uID_match`
--

INSERT INTO `kurs_uID_match` (`kursID`, `uID`) VALUES
(24, 1),
(39, 1),
(50, 1);

--
-- Daten für Tabelle `media`
--

INSERT INTO `media` (`mediaID`, `uID`, `size`, `dateiname`, `titel`, `inserted`, `deleteDate`, `cp_mediaID`) VALUES
(84, 1, 94374, '1_59381f7b41b52.jpg', 'blobid0.jpg', '2017-06-07 15:44:59', NULL, NULL),
(85, 1, 62558, '1_593e55329f9bf.jpg', 'blobid0.jpg', '2017-06-12 08:47:46', NULL, NULL),
(86, 1, 1062, '1_593e558d1ce29.jpg', 'blobid1.jpg', '2017-06-12 08:49:17', NULL, NULL),
(88, 1, 4209, '1_593e5611291e5.jpg', 'blobid3.jpg', '2017-06-12 08:51:29', NULL, NULL),
(89, 1, 55801, '1_593e5746865d5.jpg', 'blobid0.jpg', '2017-06-12 08:56:38', NULL, NULL),
(90, 1, 36238, '1_593e6252d13dd.jpg', 'blobid0.jpg', '2017-06-12 09:43:46', NULL, NULL),
(91, 1, 5389, '1_593e62c0e2b37.jpg', 'blobid0.jpg', '2017-06-12 09:45:36', NULL, NULL),
(92, 1, 36888, '1_593e635b2d716.jpg', 'blobid1.jpg', '2017-06-12 09:48:11', NULL, NULL),
(93, 1, 80810, '1_593e826ebe33a.jpg', 'blobid0.jpg', '2017-06-12 12:00:46', NULL, NULL),
(94, 1, 121487, '1_593e8513be4f6.jpg', 'blobid0.jpg', '2017-06-12 12:12:03', NULL, NULL),
(96, 1, 146702, '1_593e85fe9e745.jpg', 'blobid3.jpg', '2017-06-12 12:15:58', NULL, NULL),
(97, 1, 157907, '1_593e8a837150e.jpg', 'blobid0.jpg', '2017-06-12 12:35:15', NULL, NULL),
(98, 1, 61094, '1_593e8cc8898e7.jpg', 'blobid0.jpg', '2017-06-12 12:44:56', NULL, NULL),
(100, 1, 6374, '1_593e90bd78652.jpg', 'blobid0.jpg', '2017-06-12 13:01:49', NULL, NULL),
(101, 1, 160901, '1_593e9292bea83.jpg', 'blobid1.jpg', '2017-06-12 13:09:38', NULL, NULL),
(102, 1, 1355, '1_593e930f92c95.jpg', 'blobid2.jpg', '2017-06-12 13:11:43', NULL, NULL),
(103, 1, 67261, '1_593e93c5a5396.jpg', 'blobid3.jpg', '2017-06-12 13:14:45', NULL, NULL),
(104, 1, 131020, '1_593ea305e9820.jpg', 'blobid0.jpg', '2017-06-12 14:19:49', NULL, NULL),
(105, 1, 125562, '1_593ea9272167b.jpg', 'blobid0.jpg', '2017-06-12 14:45:59', NULL, NULL),
(106, 1, 81730, '1_593eae3e73181.jpg', 'blobid0.jpg', '2017-06-12 15:07:42', NULL, NULL),
(107, 1, 123248, '1_593fdd5a3e646.jpg', 'blobid0.jpg', '2017-06-13 12:40:58', NULL, NULL),
(108, 1, 74767, '1_593fdef7b4caa.jpg', 'blobid1.jpg', '2017-06-13 12:47:51', NULL, NULL),
(109, 1, 101583, '1_593ff5c8709ec.jpg', 'blobid0.jpg', '2017-06-13 14:25:12', NULL, NULL),
(125, 1, 334312, '1_594900eb4ec7b.jpg', 'blobid0.jpg', '2017-06-20 11:03:07', NULL, NULL),
(126, 1, 337005, '1_594900ecefaaa.jpg', 'blobid1.jpg', '2017-06-20 11:03:08', NULL, NULL),
(131, 1, 34459, '1_594e7892aab21.jpg', 'blobid1.jpg', '2017-06-24 14:34:58', NULL, NULL),
(178, 1, 3816, '1_59bfdae65446d.gif', 'blobid0.gif', '2017-09-18 14:40:38', NULL, NULL),
(638, 1, 81155, '1_5c14fa0f7db87.jpg', 'blobid0.jpg', '2018-12-15 12:56:47', NULL, NULL),
(639, 1, 74511, '1_5c156f975da06.jpg', 'blobid0.jpg', '2018-12-15 21:18:15', NULL, NULL),
(642, 1, 3816, '1_5c1acc4faa4bf.gif', 'blobid3.gif', '2018-12-19 22:55:11', NULL, NULL),
(643, 1, 34459, '1_5c1acc4fbecdd.jpg', 'blobid4.jpg', '2018-12-19 22:55:11', NULL, NULL),
(646, 1, 61094, '1_5c1d1a608ad74.jpg', 'blobid1.jpg', '2018-12-21 16:52:48', NULL, NULL),
(647, 1, 79104, '1_5c1d1b01d3ec2.jpg', 'blobid1.jpg', '2018-12-21 16:55:29', NULL, NULL),
(648, 1, 11983, '1_5c1d1ba9d33f1.jpg', 'blobid1.jpg', '2018-12-21 16:58:17', NULL, NULL),
(649, 1, 139345, '1_5c1d2c2011760.jpg', 'blobid0.jpg', '2018-12-21 18:08:32', NULL, NULL),
(651, 1, 74767, '1_5c1d2d88cff9d.jpg', 'blobid1.jpg', '2018-12-21 18:14:32', NULL, NULL);

--
-- Daten für Tabelle `media_kurs_match`
--

INSERT INTO `media_kurs_match` (`mediaID`, `uID`, `fID`, `kursID`) VALUES
(84, 1, 409, 39),
(85, 1, 405, 39),
(86, 1, 405, 39),
(86, 1, 408, 39),
(86, 1, 414, 39),
(88, 1, 405, 39),
(89, 1, 405, 39),
(90, 1, 408, 39),
(91, 1, 408, 39),
(92, 1, 408, 39),
(93, 1, 408, 39),
(94, 1, 410, 39),
(96, 1, 410, 39),
(97, 1, 412, 39),
(98, 1, 411, 39),
(100, 1, 414, 39),
(101, 1, 414, 39),
(102, 1, 414, 39),
(103, 1, 414, 39),
(104, 1, 406, 39),
(105, 1, 429, 39),
(106, 1, 428, 39),
(107, 1, 435, 39),
(108, 1, 435, 39),
(109, 1, 434, 39),
(111, 1, 537, 50),
(125, 1, 520, 39),
(126, 1, 520, 39),
(131, 1, 522, 50),
(639, 1, 1646, 50),
(642, 1, 522, 50),
(643, 1, 522, 50),
(646, 1, 522, 50),
(647, 1, 522, 50),
(648, 1, 522, 50),
(649, 1, 537, 50),
(651, 1, 539, 50);

--
-- Daten für Tabelle `schule_bundesland`
--

INSERT INTO `schule_bundesland` (`Bundesland`, `name`) VALUES
(1, 'Bayern');

--
-- Daten für Tabelle `schule_daten`
--

INSERT INTO `schule_daten` (`SchulNr`, `Bundesland`, `Name`, `sTyp`, `rechtlicherStatus`, `strasse`, `plz`, `ort`, `url`, `email`) VALUES
(999998, 1, 'Krypton High', 'Highschool', 'staatlich', 'Krypton Allee', 12345, 'Krypton', 'www.krypton.de', ''),
(999999, 1, 'LMU München', 'Universität', 'staatlich', 'Theresienstraße 37', 80333, 'München', 'https://didaktik.physik.uni-muenchen.de', '');

-- Daten für Tabelle `user_groups`
--

INSERT INTO `user_groups` (`uGroupID`, `titel`) VALUES
(1, 'Admin'),
(2, 'Lehrer'),
(3, 'Fachbetreuer');

--
-- Daten für Tabelle `user_teilnehmer`
--

INSERT INTO `user_teilnehmer` (`tnID`, `geschlecht`, `name`, `vname`, `email`, `uID`, `preview_account`, `token`, `aktualisiert`) VALUES
(35, 'm', 'Admin', 'User', 'test@test.de', 1, 1, '587cf6ad35732', '2017-06-26 06:24:52');

--
-- Daten für Tabelle `user_teilnehmer_kurs_match`
--

INSERT INTO `user_teilnehmer_kurs_match` (`kursID`, `tnID`, `dozent`) VALUES
(24, 35, 1),
(39, 35, 1),
(50, 35, 1);

--
-- Daten für Tabelle `user_uID_groups_match`
--

INSERT INTO `user_uID_groups_match` (`uID`, `uGroupID`) VALUES
(1, 1),
(1, 2);

--
-- Daten für Tabelle `videos`
--

INSERT INTO `videos` (`vID`, `titel`, `beschreibung`, `code`, `link_webpage`, `pfad`, `dateiname`, `parameter`) VALUES
(24, 'Brechung - optisch dünn zu dicht', '', '', 'https://www.didaktik.physik.uni-muenchen.de/lehrerbildung/lehrerbildung_lmu/video/optik/brechung/brechung1/index.html', 'Optik', 'brechung_duenn_dicht.m4v', ''),
(31, 'Geknickter Stab', 'Stab in wassergefülltem Aquarium', '', 'https://www.didaktik.physik.uni-muenchen.de/lehrerbildung/lehrerbildung_lmu/video/optik/videos-zur-reflexion/reflexion2/index.html', 'Optik', 'brechung_geknickter.m4v', ''),
(32, 'Brechung - optisch dicht nach dünn', 'Plexiglas', '', 'https://www.didaktik.physik.uni-muenchen.de/lehrerbildung/lehrerbildung_lmu/video/optik/brechung/brechung1/index.html', 'Optik', 'brechung_dicht_dünn.m4v', ''),
(33, 'Anvisieren durch Oberfläche', 'Jagd', '', 'https://www.didaktik.physik.uni-muenchen.de/lehrerbildung/lehrerbildung_lmu/video/optik/brechung/brechung1/index.html', 'Optik', 'brechung_visieren.m4v', ''),
(34, 'Regenbogen', 'Plexiglas', '', 'https://www.didaktik.physik.uni-muenchen.de/lehrerbildung/lehrerbildung_lmu/video/optik/brechung/brechung4/index.html', 'Optik', 'brechung_regenbogen.m4v', ''),
(35, 'Brechung am Prisma', '', '', 'https://www.didaktik.physik.uni-muenchen.de/lehrerbildung/lehrerbildung_lmu/video/optik/brechung/brechung5/index.html', 'Optik', 'brechung_prisma_1strahl.m4v', ''),
(36, 'Planparallele Platte', 'Plexiglas', '', 'https://www.didaktik.physik.uni-muenchen.de/lehrerbildung/lehrerbildung_lmu/video/optik/brechung/brechung6/index.html', 'Optik', 'brechung_planparallele_platte.m4v', ''),
(37, 'Münze in der Tasse', 'Tasse', '', 'https://www.didaktik.physik.uni-muenchen.de/lehrerbildung/lehrerbildung_lmu/video/optik/brechung/brechung7/index.html', 'Optik', 'brechung_muenze.m4v', ''),
(38, 'Brechung an Prisma 5 Strahlen', '', '', 'https://www.didaktik.physik.uni-muenchen.de/lehrerbildung/lehrerbildung_lmu/video/optik/brechung/brechung1/index.html', 'Optik', 'brechung_prisma_5strahlen.m4v', ''),
(39, 'Linsen', 'Zerstreuungs und Sammellinse', '', 'https://www.didaktik.physik.uni-muenchen.de/lehrerbildung/lehrerbildung_lmu/video/optik/brechung/linsen/index.html', 'Optik', 'brechung_linsen.m4v', ''),
(40, 'Entstehung Lichstrahl', '', '', 'https://www.didaktik.physik.uni-muenchen.de/lehrerbildung/lehrerbildung_lmu/video/optik/lichtausbreitung/lichtbuendel_lichtstrahl/index.html', 'Optik', 'lichtstrahl.m4v', ''),
(41, 'Reflexion Spiegel', '', '', 'https://www.didaktik.physik.uni-muenchen.de/lehrerbildung/lehrerbildung_lmu/video/optik/videos-zur-reflexion/reflexion1/index.html', 'Optik', 'spiegel.m4v', ''),
(42, 'Reflexion Umkehrspiegel', '', '', 'https://www.didaktik.physik.uni-muenchen.de/lehrerbildung/lehrerbildung_lmu/video/optik/videos-zur-reflexion/reflexion2/index.html', 'Optik', 'umkehrspiegel.m4v', ''),
(43, 'Reflexion Hohlspiegel', '', '', 'https://www.didaktik.physik.uni-muenchen.de/lehrerbildung/lehrerbildung_lmu/video/optik/videos-zur-reflexion/reflexion3/index.html', 'Optik', 'hohlspiegel.m4v', ''),
(44, 'Schatten', '', '', 'https://www.didaktik.physik.uni-muenchen.de/lehrerbildung/lehrerbildung_lmu/video/optik/lichtausbreitung/schatten/index.html', 'Optik', 'schatten.m4v', ''),
(45, 'Schatten mit Kerzen', '', '', 'https://www.didaktik.physik.uni-muenchen.de/lehrerbildung/lehrerbildung_lmu/video/optik/lichtausbreitung/schatten/index.html', 'Optik', 'schatten_kerze.m4v', ''),
(46, 'Totalreflexion Grundversuch', 'Plexiglaskörper', '', 'https://www.didaktik.physik.uni-muenchen.de/lehrerbildung/lehrerbildung_lmu/video/optik/videos-zur-totalreflexion/totalreflexion1/index.html', 'Optik', 'totalreflexion_am_glaskoerper.m4v', ''),
(47, 'Totalreflexion Wasser/Luft', '', '', 'https://www.didaktik.physik.uni-muenchen.de/lehrerbildung/lehrerbildung_lmu/video/optik/videos-zur-totalreflexion/totalreflexion2/index.html', 'Optik', 'totalreflexion_wasser.m4v', ''),
(48, 'Totalrerflexion: Laser im Wasserstrahl', '', '', 'https://www.didaktik.physik.uni-muenchen.de/lehrerbildung/lehrerbildung_lmu/video/optik/videos-zur-totalreflexion/totalreflexion3/index.html', 'Optik', 'lichtleiter.m4v', ''),
(49, 'Photoeffekt h Bestimmung', '', '', '', 'atomphysik', 'photoeffekt_h_bestimmung.m4v', ''),
(50, 'Beugung am Spalt', '', '', 'https://www.didaktik.physik.uni-muenchen.de/lehrerbildung/lehrerbildung_lmu/video/optik/videos-zur-beugung/beugung_doppelspalt/index.html', 'Optik', 'beugung_spalt.m4v', ''),
(51, 'Konvektionsströmung', '', '', 'https://www.didaktik.physik.uni-muenchen.de/lehrerbildung/lehrerbildung_lmu/video/waermelehre/index.html', 'waermelehre', 'konvektionsstroemung.m4v', ''),
(52, 'Volumenausdehnung bei Gasen', '', '', '', 'waermelehre', 'volumenausdehnung_bei_gasen.m4v', ''),
(53, 'Parallelschaltung von Widerständen', '', '', 'https://www.didaktik.physik.uni-muenchen.de/lehrerbildung/lehrerbildung_lmu/video/e-lehre/index.html', 'e_lehre', 'parallelschaltung.m4v', ''),
(54, 'Reihenschaltung von Widerständen', '', '', 'https://www.didaktik.physik.uni-muenchen.de/lehrerbildung/lehrerbildung_lmu/video/e-lehre/index.html', 'e_lehre', 'reihenschaltung.m4v', ''),
(55, 'Ohmsches Gesetz', '', '', 'https://www.didaktik.physik.uni-muenchen.de/lehrerbildung/lehrerbildung_lmu/video/e-lehre/index.html', 'e_lehre', 'ohmsches_Gesetz.m4v', ''),
(56, 'Spannungsabfall', '', '', 'http://www.didaktik.physik.uni-muenchen.de/lehrerbildung/lehrerbildung_lmu/video/e-lehre/index.html', 'e_lehre', 'spannungsabfall.m4v', ''),
(58, 'Das ohmsche Gesetz - Abweichung von der direkten Proportionalität', '', '', '', 'e_lehre', 'abweichung_vom_ohmschen_gesetz.m4v', ''),
(59, 'Das ohmsche Gesetz - Gekühlter Leiter', '', '', '', 'e_lehre', 'gekühlter_draht.m4v', ''),
(60, 'Elektrischer Leiter - Glühender Draht', '', '', '', 'e_lehre', 'glühender_draht.m4v', ''),
(61, 'Stromdurchflossener Leiter - Kennlinien einer Glühbirne', '', '', '', 'e_lehre', 'kennlinie_einer_glühbirne.m4v', ''),
(62, 'Das Ohmsche Gesetz - Teil1: Kennlinien einer Drahtspule', '', '', '', 'e_lehre', 'kennlinie_eines_leiters.m4v', ''),
(63, 'Stromdurchflossener Leiter - Strom durch eine Glühlampe', '', '', '', 'e_lehre', 'strom_durch_eine_glühlampe.m4v', ''),
(64, 'Reflexionsgitter - Wellenlängenmessung mit dem Lineal', '', '', '', 'Optik', 'beugung_reflexionsgitter_schieblehre.m4v', ''),
(65, 'Regenbogen - Simulation am Wassertropfen', '', '', '', 'Optik', 'brechung_regenbogensimulation_am_tropfen.m4v', ''),
(66, 'Reflexionsgesetz - Reflexion am ebenen Spiegel', '', '', '', 'Optik', 'spiegel2.m4v', ''),
(67, 'Volumenänderung - Längenausdehnung bei Erwärmung', '', '', '', 'waermelehre', 'laengenausdehnung.m4v', ''),
(68, 'Volumenänderung - Ausdehnung einer Metallkugel beim Erhitzen', '', '', '', 'waermelehre', 'metallkugel.m4v', ''),
(69, 'Volumenänderung - Eichen eines Thermometers', '', '', '', 'waermelehre', 'eichen_eines_thermometers.m4v', ''),
(70, 'Volumenausdehnung - Steigrohr mit Thermometer', '', '', '', 'waermelehre', 'volumen_thermometer.m4v', ''),
(71, 'Volumenänderung bei Flüssigkeiten - Steigrohr', '', '', '', 'waermelehre', 'volumenaenderung_bei_flüssigkeiten.m4v', ''),
(72, 'Volumenänderung - Erwärmen und Abkühlen von Gasen', '', '', '', 'waermelehre', 'volumenausdehnung_bei_gasen.m4v', ''),
(73, 'Atwoodsche Fallmaschine', '', '', '', 'mechanik', 'atwood.m4v', ''),
(75, 'Absorption', '', '', '', 'atomphysik', 'absorption.m4v', ''),
(76, 'Photoeffekt Intensität', '', '', '', 'atomphysik', 'photoeffekt_intensitaet.m4v', ''),
(77, 'Äquipotentialflächen', '', '', '', 'e_lehre', 'aequipotentialflächen_weiss.m4v', ''),
(78, 'Äquipotentiallinien', '', '', '', 'e_lehre', 'aequipotentiallinien_schwarz.m4v', ''),
(79, 'Cavendish', '', '', '', 'e_lehre', 'cavendish.m4v', ''),
(80, 'Elektromagnet Nägel', '', '', '', 'e_lehre', 'elektromagnet naegel.m4v', ''),
(81, 'Elektromagnet Reichweite', '', '', '', 'e_lehre', 'elektromagnet reichweite.m4v', ''),
(82, 'Elektronenablenkröhre', '', '', '', 'e_lehre', 'elektronenablenkroehre.m4v', ''),
(83, 'Feld einer Punktladung', '', '', '', 'e_lehre', 'feld_einer_punktladung.m4v', ''),
(84, 'Flammsonde', '', '', '', 'e_lehre', 'flammensonde.m4v', ''),
(85, 'Funkenhörner', '', '', '', 'e_lehre', 'funkenhoerner.m4v', ''),
(86, 'Generator', '', '', '', 'e_lehre', 'generator.m4v', ''),
(87, 'Glühender Nagel', '', '', '', 'e_lehre', 'gluehender_nagel.m4v', ''),
(88, 'Halleffekt (Flussdichte)', '', '', '', 'e_lehre', 'halleffekt(flussdichte).m4v', ''),
(89, 'Halleffekt (Stromstärke)', '', '', '', 'e_lehre', 'halleffekt(stromstaerke).m4v', ''),
(90, 'Hörnertrafo', '', '', '', 'e_lehre', 'hoernertrafo.m4v', ''),
(91, 'Homogenes Feld', '', '', '', 'e_lehre', 'homogenes_feld.m4v', ''),
(92, 'Grundversuche zur Induktion', '', '', '', 'e_lehre', 'induktion_grundversuch.m4v', ''),
(93, 'Kapazität einer Kugel (Abstand)', '', '', '', 'e_lehre', 'Kapazität einer Kugel Abstand.m4v', ''),
(94, 'Kapazität einer Kugel (Spannung)', '', '', '', 'e_lehre', 'Kapazität einer Kugel Spannung .m4v', ''),
(95, 'Lenzsche Regel', '', '', '', 'e_lehre', 'lenzsche regel.m4v', ''),
(96, 'Parallelschaltung von Wiederständen (100-200)', '', '', '', 'e_lehre', 'parallelschaltung100_200.m4v', ''),
(97, 'Punktladungen', '', '', '', 'e_lehre', 'punktladungen.m4v', ''),
(98, 'Reihenschaltung von Wiederständen (100-200)', '', '', '', 'e_lehre', 'reihenschaltung100_200.m4v', ''),
(99, 'Reihenschaltung von Wiederständen (100-200)', '', '', '', 'e_lehre', 'reihenschaltung100_200.m4v', ''),
(100, 'Ringelektrode und Punktladung (E-Feld)', '', '', '', 'e_lehre', 'ringelektrode_und_punktladung.m4v', ''),
(101, 'Schattenkreuzröhre', '', '', '', 'e_lehre', 'schattenkreuzroehre.m4v', ''),
(102, 'Schweissen', '', '', '', 'e_lehre', 'schweissen.m4v', ''),
(103, 'Selbstinduktion beim Ausschaltvorgang', '', '', '', 'e_lehre', 'selbstinduktion ausschaltvorgang.m4v', ''),
(104, 'Selbstinduktion beim Einschaltvorgang', '', '', '', 'e_lehre', 'selbstinduktion einschaltvorgang.m4v', ''),
(105, 'Elektrisches Feld einer Spitze', '', '', '', 'e_lehre', 'Spitze.m4v', ''),
(106, 'Thomsonscher Ringversuch', '', '', '', 'e_lehre', 'thomsonscher ringversuch.m4v', ''),
(107, 'Van de Graaf Generator (Büschel)', '', '', '', 'e_lehre', 'van_de_graaf_generator_bueschel.m4v', ''),
(108, 'Van de Graaf Generator (Watte)', '', '', '', 'e_lehre', 'Watte.m4v', ''),
(109, 'Wienfilter', '', '', '', 'e_lehre', 'Wienfilter.m4v', ''),
(110, 'Elastischer Stoß (3m1=m2)', '', '', '', 'mechanik', 'elastischer_stoss_3m1=m2.m4v', ''),
(111, 'Elastischer Stoß (m1=3m2)', '', '', '', 'mechanik', 'elastischer_stoss_m1=3m2.m4v', ''),
(112, 'Elastischer Stoß (m1=m2)', '', '', '', 'mechanik', 'elastischer_stoss_m1=m2.m4v', ''),
(113, 'Impulserhaltungssatz', '', '', '', 'mechanik', 'impulssatz.m4v', ''),
(114, 'Wurfparabel am Wasserstrahl (dunkel)', '', '', '', 'mechanik', 'wurfparabel_wasser_dunkel.m4v', ''),
(115, 'Wurfparabel am Wasserstrahl', '', '', '', 'mechanik', 'wurfparabel_wasserstrahl.m4v', ''),
(116, 'Lichtbrechung (Münze in der Tasse)', '', '', '', 'Optik', 'Brechung Münze in der Tasse.m4v', ''),
(117, 'Brechung - Reflexion dünn zu dicht', '', '', '', 'Optik', 'brechung_reflexion_duenn_dicht.m4v', ''),
(118, 'Brechung - optisch Stab im Wasser', '', '', '', 'Optik', 'brechung_stab.m4v', ''),
(119, 'Reflexionsgitter - Schiebelehre', '', '', '', 'Optik', 'reflexionsgitter_schieblehre.m4v', ''),
(120, 'Beugung - Wasserstrahl', '', '', '', 'Optik', 'wasserstrahl.m4v', ''),
(121, 'Thermometer', '', '', '', 'waermelehre', 'thermometer kurz.m4v', ''),
(122, 'Ei in die Flasche', '', '', '', 'waermelehre', 'ei_in_die_flasche.m4v', '');


--
-- Daten für Tabelle `videos_themen`
--

INSERT INTO `videos_themen` (`themaID`, `titel`) VALUES
(1, 'Optik'),
(2, 'Mechanik'),
(3, 'Wärmelehre'),
(4, 'Atomphysik'),
(5, 'Elektrizitätslehre'),
(6, 'Schwingungen und Wellen'),
(7, 'Astrophysik');

--
-- Daten für Tabelle `videos_themen_match`
--

INSERT INTO `videos_themen_match` (`vID`, `themaID`) VALUES
(24, 1),
(31, 1),
(32, 1),
(33, 1),
(34, 1),
(35, 1),
(36, 1),
(37, 1),
(38, 1),
(39, 1),
(40, 1),
(41, 1),
(42, 1),
(43, 1),
(44, 1),
(45, 1),
(46, 1),
(47, 1),
(48, 1),
(116, 1),
(117, 1),
(118, 1),
(119, 1),
(120, 1),
(73, 2),
(110, 2),
(111, 2),
(112, 2),
(113, 2),
(114, 2),
(115, 2),
(51, 3),
(52, 3),
(67, 3),
(68, 3),
(69, 3),
(70, 3),
(71, 3),
(72, 3),
(121, 3),
(122, 3),
(49, 4),
(50, 4),
(74, 4),
(75, 4),
(76, 4),
(53, 5),
(54, 5),
(55, 5),
(56, 5),
(57, 5),
(77, 5),
(78, 5),
(79, 5),
(80, 5),
(81, 5),
(82, 5),
(83, 5),
(84, 5),
(85, 5),
(86, 5),
(87, 5),
(88, 5),
(89, 5),
(90, 5),
(91, 5),
(92, 5),
(93, 5),
(94, 5),
(95, 5),
(96, 5),
(97, 5),
(98, 5),
(99, 5),
(100, 5),
(101, 5),
(102, 5),
(103, 5),
(104, 5),
(105, 5),
(106, 5),
(107, 5),
(108, 5),
(109, 5);

--
-- Daten für Tabelle `v_simulationen`
--

INSERT INTO `v_simulationen` (`simID`, `titel`, `url`, `beschreibung`, `poster`) VALUES
(2, 'Energieskatepark 1', 'https://phet.colorado.edu/sims/html/energy-skate-park-basics/latest/energy-skate-park-basics_de.html', '&lt;p&gt;&lt;em&gt;Erfahren Sie mehr &amp;uuml;ber die Erhaltung der Energie mit einem Skater in einer Halfpipe! Untersuchen Sie verschiedene Halfpipes und beobachten Sie kinetische Energie, potenzielle Energie und Reibung, w&amp;auml;hrend er sich darin bewegt. Erstellen Sie eigene Halfpipes, Schr&amp;auml;gen und Rampen f&amp;uuml;r den Skater.&lt;/em&gt;&lt;/p&gt;\r\n&lt;p&gt;&lt;br /&gt; &lt;strong&gt;Lernziele&lt;/strong&gt;&lt;/p&gt;\r\n&lt;ul&gt;\r\n&lt;li&gt;Erl&amp;auml;utern Sie das Konzept der Erhaltung der mechanischen Energie mit kinetischer und potenzieller Energie.&lt;/li&gt;\r\n&lt;li&gt;Beschreiben Sie, wie die Energiediagramme (Balkendiagramm und Tortendiagramm) mit Position und Geschwindigkeit zusammenh&amp;auml;ngen.&lt;/li&gt;\r\n&lt;li&gt;Erl&amp;auml;utern Sie, wie sich eine &amp;Auml;nderung der Masse des Skaters auf die Energie auswirkt.&lt;/li&gt;\r\n&lt;li&gt;Erl&amp;auml;utern Sie, wie sich eine Ver&amp;auml;nderung der Reibung auf die Energie auswirkt.&lt;/li&gt;\r\n&lt;li&gt;Sch&amp;auml;tzen Sie Position und Geschwindigkeit aus den Energiediagrammen ab.&lt;/li&gt;\r\n&lt;li&gt;Berechnen Sie Geschwindigkeit und H&amp;ouml;he an einer Position (1) aufgrund von Informationen an der Position (2).&lt;/li&gt;\r\n&lt;li&gt;Berechnen Sie die kinetische und potenzielle Energie an einer Position (1) aufgrund von Informationen an der Position (2).&lt;/li&gt;\r\n&lt;li&gt;Entwerfen Sie ein Skaterpark unter Ber&amp;uuml;cksichtigung des Konzepts der Erhaltung der mechanischen Energie.&lt;/li&gt;\r\n&lt;/ul&gt;', ''),
(6, 'Farbwahrnehmung', 'https://phet.colorado.edu/sims/html/color-vision/latest/color-vision_de.html', '&lt;p&gt;&lt;em&gt;Erzeugen Sie einen ganzen Regenbogen durch Mischen von Rot, Gr&amp;uuml;n und Blau. &amp;Auml;ndern der Wellenl&amp;auml;nge des monochromatischen Strahls oder filtern Sie wei&amp;szlig;es Licht. Machen Sie das Licht als Strahl oder als einzelne Photonen sichtbar.&lt;/em&gt;&lt;/p&gt;\r\n&lt;p&gt;&lt;strong&gt;Lernziele&lt;/strong&gt;&lt;/p&gt;\r\n&lt;ul&gt;\r\n&lt;li&gt;Ermitteln Sie, welche Farbe ein Mensch f&amp;uuml;r verschiedene Kombinationen von rotem, gr&amp;uuml;nen und blauem Licht sieht.&lt;/li&gt;\r\n&lt;li&gt;Beschreiben Sie die Farbe des Lichts, welches durch verschiedene Farbfilter hindurch geht.&lt;/li&gt;\r\n&lt;/ul&gt;', ''),
(7, 'statische Elektrizit&auml;t', 'https://phet.colorado.edu/sims/html/balloons-and-static-electricity/latest/balloons-and-static-electricity_de.html', '', ''),
(8, 'Hebelgesetz', 'https://phet.colorado.edu/sims/html/balancing-act/latest/balancing-act_de.html', '&lt;p&gt;&lt;em&gt;&amp;Uuml;berpr&amp;uuml;fen Sie das Hebelgesetz, indem Sie Objekte auf einer Wippe plazieren.&amp;nbsp;&lt;/em&gt;&lt;em&gt;Wenden Sie das Gelernte im Balance-Spiel an.&lt;/em&gt;&lt;/p&gt;\r\n&lt;p&gt;&lt;strong&gt;Lernziele&lt;/strong&gt;&lt;/p&gt;\r\n&lt;ul&gt;\r\n&lt;li&gt;Sagen Sie voraus, wie eine Wippe mit Objekten verschiedener Massen ins Gleichgewicht zu bringen ist.&lt;/li&gt;\r\n&lt;li&gt;Sagen Sie voraus, wie die &amp;Auml;nderung der Positionen der Massen auf der Wippe deren Bewegung beeinflussen.&lt;/li&gt;\r\n&lt;li&gt;Sagen Sie mit dem Hebelgesetz voraus, in welcher Art und Weise sich eine Wippe begegen wird, wenn Gegenst&amp;auml;nde verschiedener Masse darauf plaziert werden.&lt;/li&gt;\r\n&lt;li&gt;L&amp;ouml;sen Sie mit Ihrem Wissen R&amp;auml;tsel.&lt;/li&gt;\r\n&lt;/ul&gt;', ''),
(9, 'Konzentration', 'https://phet.colorado.edu/sims/html/concentration/latest/concentration_de.html', '&lt;p&gt;Beobachten Sie, wie sich die Farbe einer L&amp;ouml;sung &amp;auml;ndert, wenn Sie Chemikalien mit Wasser mischen. &amp;Uuml;berpr&amp;uuml;fen Sie die Molarit&amp;auml;t mit der Konzentrations-Messger&amp;auml;t. Welche M&amp;ouml;glichkeiten haben Sie, die Konzentration Ihrer L&amp;ouml;sung zu &amp;auml;ndern? &amp;Auml;ndern sie die gel&amp;ouml;sten Substanzen, um verschiedene Chemikalien zu vergleichen und herauszufinden, wo deren S&amp;auml;ttigungskonzentration liegt.&lt;/p&gt;\r\n&lt;p&gt;&lt;strong&gt;Lernziele&lt;/strong&gt;&lt;/p&gt;\r\n&lt;ul&gt;\r\n&lt;li&gt;Beschreiben Sie die Beziehungen zwischen Konzentration, Volumen und Menge des gel&amp;ouml;sten Stoffes in einer L&amp;ouml;sung.&lt;/li&gt;\r\n&lt;li&gt;Erkl&amp;auml;ren Sie, wie die Farbe der L&amp;ouml;sung und ihre Konzentration zusammenh&amp;auml;ngen.&lt;/li&gt;\r\n&lt;li&gt;Sagen Sie voraus, wie die Konzentration der L&amp;ouml;sung durch folgende Aktionen ge&amp;auml;ndert wird: Zugabe oder Entfernen von Wasser, gel&amp;ouml;stem Stoff, L&amp;ouml;sung.&lt;/li&gt;\r\n&lt;li&gt;Stellen Sie eine L&amp;ouml;sung mit einer bestimmten Konzentration her.&lt;/li&gt;\r\n&lt;li&gt;Wie k&amp;ouml;nnen Sie die Konzentration einer L&amp;ouml;sung definiert &amp;auml;ndern?&lt;/li&gt;\r\n&lt;li&gt;Identifizieren Sie, wann eine L&amp;ouml;sung ges&amp;auml;ttigt ist.&lt;/li&gt;\r\n&lt;/ul&gt;', ''),
(10, 'Lichtbrechung', 'https://phet.colorado.edu/sims/html/bending-light/latest/bending-light_de.html', '&lt;p&gt;&lt;em&gt;Beobachten Sie die Brechung von Licht zwischen zwei Medien mit unterschiedlichen Brechungsindizes. Sehen Sie, wie der Wechsel von Luft/Wasser auf Luft/Glas den Brechungswinkel beeinflusst. Spielen Sie mit Prismen verschiedener Formen und erzeugen Sie Regenb&amp;ouml;gen.&lt;/em&gt;&lt;/p&gt;\r\n&lt;p&gt;&lt;strong&gt;Lernziele&lt;/strong&gt;&lt;/p&gt;\r\n&lt;ul&gt;\r\n&lt;li&gt;Erkl&amp;auml;ren Sie die Lichtbrechung an der Grenzfl&amp;auml;che zwischen zwei Medien und bestimmen Sie den Brechungswinkel.&lt;/li&gt;\r\n&lt;li&gt;Wenden Sie das SNELLIUSsche Gesetz f&amp;uuml;r die Brechung eines Laserstrahls an der Grenzfl&amp;auml;che zwischen zwei Medien an.&lt;/li&gt;\r\n&lt;li&gt;Beschreiben Sie, wie sich die Geschwindigkeit und die Wellenl&amp;auml;nge des Lichts in verschiedenen Medien &amp;auml;ndert.&lt;/li&gt;\r\n&lt;li&gt;Beschreiben Sie die Auswirkungen der &amp;Auml;nderung der Wellenl&amp;auml;nge auf den Brechungswinkel.&lt;/li&gt;\r\n&lt;li&gt;Erkl&amp;auml;ren Sie, wie man mit einem Prisma einen Regenbogen erzeugen kann.&lt;/li&gt;\r\n&lt;/ul&gt;', ''),
(12, 'Schwerkraft und Umlaufbahnen', 'https://phet.colorado.edu/sims/html/gravity-and-orbits/latest/gravity-and-orbits_de.html', '&lt;p&gt;&lt;em&gt;Bewegen Sie Sonne, Erde, Mond und Raumstation und beobachten Sie, wie die Gravitationskr&amp;auml;fte und die Umlaufbahnen beeinflusst werden. Visualisieren Sie die Gr&amp;ouml;&amp;szlig;en und Abst&amp;auml;nde verschiedener Himmelsk&amp;ouml;rper, und beobachten Sie, was passiert, wenn Sie die Schwerkraft abschalten.&lt;/em&gt;&lt;/p&gt;\r\n&lt;p&gt;&lt;strong&gt;Lernziele&lt;/strong&gt;&lt;/p&gt;\r\n&lt;ul&gt;\r\n&lt;li&gt;Beschreiben Sie die Beziehung zwischen Sonne, Erde, Mond und Raumstation, ihre Bahnen und Positionen.&lt;/li&gt;\r\n&lt;li&gt;Beschreiben Sie Gr&amp;ouml;&amp;szlig;e von Sonne, Erde, Mond und Raumstation sowie deren Entfernung voneinander.&lt;/li&gt;\r\n&lt;li&gt;Erkl&amp;auml;ren Sie, wie die Schwerkraft die Bewegung unseres Sonnensystems bestimmt.&lt;/li&gt;\r\n&lt;li&gt;Nennen Sie die Variablen, die die St&amp;auml;rke der Gravitation beeinflussen.&lt;/li&gt;\r\n&lt;li&gt;Sagen Sie voraus, wie sich die Bewegung ver&amp;auml;ndern w&amp;uuml;rde, wenn die Schwerkraft gr&amp;ouml;&amp;szlig;er oder schw&amp;auml;cher w&amp;auml;re.&lt;/li&gt;\r\n&lt;/ul&gt;', ''),
(13, 'Dipolstrahlung', 'https://www.didaktikonline.physik.uni-muenchen.de/programme/dipolstr/Dipolstr1c.html?m=110001', '', ''),
(14, 'Elektrische Feldlinien', 'https://www.didaktikonline.physik.uni-muenchen.de/programme/e_feld/E_Feld_min.html', '', ''),
(15, 'Wellenwanne', 'https://www.didaktikonline.physik.uni-muenchen.de/programme/wellen_1d/index.html', '', ''),
(16, 'Kreisbewegung', 'https://www.physik-workshop.de/includes/Fendt/phde/circularmotion_de.htm', '', ''),
(17, 'Widerstand - Br&uuml;ckenschaltung', 'https://www.physik-workshop.de/includes/Fendt/phde/wheatstonebridge_de.htm', '', ''),
(18, 'Bewegung mit konstanter Beschleunigung', 'https://www.physik-workshop.de/includes/Fendt/phde/acceleration_de.htm', '', ''),
(19, 'Einfache Wechselstromkreise', '', '', 'https://www.physik-workshop.de/includes/Fendt/phde/accircuits_de.htm'),
(20, 'Schwebungen', 'https://www.physik-workshop.de/includes/Fendt/phde/beats_de.htm', '', ''),
(21, 'Bohrsches Modell des Wasserstoffatoms', 'https://www.physik-workshop.de/includes/Fendt/phde/bohrmodel_de.htm', '', ''),
(22, 'Auftriebskraft in Fl&uuml;ssigkeiten', 'https://www.physik-workshop.de/includes/Fendt/phde/buoyantforce_de.htm', '', ''),
(23, 'elastischer und unelastischer Sto&szlig;', 'https://www.physik-workshop.de/includes/Fendt/phde/collision_de.htm', '', ''),
(24, 'gekoppeltes Pendel', 'https://www.physik-workshop.de/includes/Fendt/phde/coupledpendula_de.htm', '', ''),
(25, 'Doppler-Effekt am Beispiel eines Krankenwagens', 'https://www.physik-workshop.de/includes/Fendt/phde/dopplereffect_de.htm', '', ''),
(26, 'Interferenz von Licht am Doppelspalt', 'https://www.physik-workshop.de/includes/Fendt/phde/doubleslit_de.htm', '', ''),
(27, 'Gleichstromelektromotor', 'https://www.physik-workshop.de/includes/Fendt/phde/electricmotor_de.htm', '', ''),
(28, 'Elektromagnetische Welle', 'https://www.physik-workshop.de/includes/Fendt/phde/electromagneticwave_de.htm', '', ''),
(29, 'Gleichgewicht dreier Kr&auml;fte', 'https://www.physik-workshop.de/includes/Fendt/phde/equilibriumforces_de.htm', '', ''),
(30, 'Zerlegung einer Kraft in zwei Komponenten', 'https://www.physik-workshop.de/includes/Fendt/phde/forceresolution_de.htm', '', ''),
(31, 'Generator', 'http://www.physik-workshop.de/includes/Fendt/phde/generator_de.htm', '', ''),
(32, 'Schiefe Ebene', 'https://www.physik-workshop.de/includes/Fendt/phde/inclinedplane_de.htm', '', ''),
(33, 'Interferenz zweier Kreis- oder Kugelwellen', 'https://www.physik-workshop.de/includes/Fendt/phde/interference_de.htm', '', ''),
(34, 'Erstes Keplersches Gesetz', 'https://www.physik-workshop.de/includes/Fendt/phde/keplerlaw1_de.htm', '', ''),
(35, 'Zweites Keplersches Gesetz', 'https://www.physik-workshop.de/includes/Fendt/phde/keplerlaw2_de.htm', '', ''),
(36, 'Zerfallsgesetz', 'https://www.physik-workshop.de/includes/Fendt/phde/lawdecay_de.htm', '', ''),
(37, 'Hebelgesetz', 'https://www.physik-workshop.de/includes/Fendt/phde/lever_de.htm', '', ''),
(38, 'Lorentzkraft auf einen stromdurchflossenen Leiter', 'https://www.physik-workshop.de/includes/Fendt/phde/lorentzforce_de.htm', '', ''),
(39, 'Magnetfeld eines Stabmagneten', 'https://www.physik-workshop.de/includes/Fendt/phde/magneticfieldbar_de.htm', '', ''),
(40, 'Magnetfeld eines geraden stromdruchflossenen Leiters', 'https://www.physik-workshop.de/includes/Fendt/phde/magneticfieldwire_de.htm', '', ''),
(41, 'Newtons Wiege', 'http://www.physik-workshop.de/includes/Fendt/phde/newtoncradle_de.htm', '', ''),
(42, 'Ohmsches Gesetz an einfachem Schaltkreis', 'https://www.physik-workshop.de/includes/Fendt/phde/ohmslaw_de.htm', '', ''),
(43, 'Elektromagnetischer Schwingkreis', '', '', 'https://www.physik-workshop.de/includes/Fendt/phde/oscillatingcircuit_de.htm'),
(44, 'Fadenpendel', 'https://www.physik-workshop.de/includes/Fendt/phde/pendulum_de.htm', '', ''),
(45, 'Photoeffekt', 'https://www.physik-workshop.de/includes/Fendt/phde/photoeffect_de.htm', '', ''),
(46, 'Potentiometerschaltung', 'https://www.physik-workshop.de/includes/Fendt/phde/potentiometer_de.htm', '', ''),
(47, 'Schiefer Wurf', 'https://www.physik-workshop.de/includes/Fendt/phde/projectile_de.htm', '', ''),
(48, 'Flaschenzug', 'https://www.physik-workshop.de/includes/Fendt/phde/pulleysystem_de.htm', '', ''),
(49, 'Reflexion und Brechung von Lichtwellen ( Prinzip von Huygens)', 'https://www.physik-workshop.de/includes/Fendt/phde/refractionhuygens_de.htm', '', ''),
(50, 'Reflexion und Brechung von Licht', 'https://www.physik-workshop.de/includes/Fendt/phde/refraction_de.htm', '', ''),
(51, 'Keplersches Fernrohr', 'https://www.physik-workshop.de/includes/Fendt/phde/refractor_de.htm', '', ''),
(52, 'Erzwungene Schwingungen (Resonanz)', 'https://www.physik-workshop.de/includes/Fendt/phde/resonance_de.htm', '', ''),
(53, 'Gesamtkraft (Vektoraddition)', 'https://www.physik-workshop.de/includes/Fendt/phde/resultant_de.htm', '', ''),
(54, 'Beugung von Licht am Einfachspalt', 'https://www.physik-workshop.de/includes/Fendt/phde/singleslit_de.htm', '', ''),
(55, 'Federpendel', 'https://www.physik-workshop.de/includes/Fendt/phde/springpendulum_de.htm', '', ''),
(56, 'Stehende L&auml;ngswellen', 'https://www.physik-workshop.de/includes/Fendt/phde/standinglongitudinalwaves_de.htm', '', ''),
(57, 'Stehende Welle (Erkl&auml;rung durch &Uuml;berlagerung mit der reflektierten Welle)', 'https://www.physik-workshop.de/includes/Fendt/phde/standingwavereflection_de.htm', '', ''),
(58, 'Ein Beispiel zur Zeitdilatation', 'https://www.physik-workshop.de/includes/Fendt/phde/timedilation_de.htm', '', ''),
(59, 'Aggregatszust&auml;nde', 'https://phet.colorado.edu/sims/html/states-of-matter/latest/states-of-matter_de.html', '&lt;p&gt;Version 1.0.0&lt;/p&gt;\r\n&lt;p&gt;&lt;em&gt;Beobachten Sie verschiedene Molek&amp;uuml;le im festen, fl&amp;uuml;ssigen und gasf&amp;ouml;rmigen Zustand. Ver&amp;auml;ndern Sie die Temperatur und beobachten Sie Phasenwechsel. Ver&amp;auml;ndern Sie die Temperatur und das Volumen und beobachten Sie das Druck-Temperatur-Diagramm in Echtzeit. Beschreiben Sie die Potential-Abstand-Kurve mit den Kr&amp;auml;ften zwischen den Molek&amp;uuml;len.&lt;/em&gt;&lt;/p&gt;\r\n&lt;p&gt;&lt;strong&gt;Lernziele&lt;/strong&gt;&lt;/p&gt;\r\n&lt;ul&gt;\r\n&lt;li&gt;Beschreiben Sie ein molekulares Modell f&amp;uuml;r Feststoffe, Fl&amp;uuml;ssigkeiten und Gase.&lt;/li&gt;\r\n&lt;li&gt;Erkl&amp;auml;ren Sie Phasen&amp;auml;nderungen in diesem Modell.&lt;/li&gt;\r\n&lt;li&gt;Beschreiben Sie, wie Zufuhr oder Abfuhr von W&amp;auml;rme das Verhalten der Molek&amp;uuml;le ver&amp;auml;ndert.&lt;/li&gt;\r\n&lt;li&gt;Beschreiben Sie, wie eine Volumen&amp;auml;nderung sich auf Temperatur und Druck des Zustands aufwirkt.&lt;/li&gt;\r\n&lt;li&gt;Erstellen Sie ein Druck-Temperatur-Diagramm, um das Verhalten der Molek&amp;uuml;le zu beschreiben.&lt;/li&gt;\r\n&lt;li&gt;Interpretieren Sie Potenzial-Abstands-Diagramme.&lt;/li&gt;\r\n&lt;li&gt;Beschreiben Sie, wie die Kr&amp;auml;fte zwischen den Atomen mit dem Potenzialdiagramm zusammenh&amp;auml;ngen.&lt;/li&gt;\r\n&lt;li&gt;Beschreiben Sie die physikalische Bedeutung der Parameter im LENNARD-JONES-Potenzial, und wie diese bezieht sich auf das Verhalten der Molek&amp;uuml;le auswirken.&lt;/li&gt;\r\n&lt;/ul&gt;', ''),
(60, 'Aggregatszust&auml;nde: Grundbegriffe', 'https://phet.colorado.edu/sims/html/states-of-matter-basics/latest/states-of-matter-basics_de.html', '&lt;p&gt;Version 1.0.0&lt;/p&gt;\r\n&lt;p&gt;&lt;em&gt;Beobachten Sie, wie Atome und Molek&amp;uuml;le auf W&amp;auml;rme, K&amp;auml;lte und Druck reagieren und wie sie zwischen den Aggregatszust&amp;auml;nden fest, fl&amp;uuml;ssig und gasf&amp;ouml;rmig wechseln&lt;/em&gt;&lt;/p&gt;\r\n&lt;p&gt;&lt;strong&gt;Lernziele&lt;/strong&gt;&lt;/p&gt;\r\n&lt;ul&gt;\r\n&lt;li&gt;Beschreiben Sie Eigenschaften der drei Aggregatszust&amp;auml;nde: fest, fl&amp;uuml;ssig und gasf&amp;ouml;rmig.&lt;/li&gt;\r\n&lt;li&gt;Sagen Sie voraus, wie eine Ver&amp;auml;nderung von Temperatur und Druck das Verhalten der Teilchen beeinflusst.&lt;/li&gt;\r\n&lt;li&gt;Vergleichen Sie Teilchen in den drei verschiedenen Phasen.&lt;/li&gt;\r\n&lt;li&gt;Erkl&amp;auml;ren Sie, was beim Gefrieren und Schmelzen auf molekularer Ebene geschieht.&lt;/li&gt;\r\n&lt;li&gt;Erkennen Sie, das verschiedene Stoffe unterschiedliche Eigenschaften haben, einschlie&amp;szlig;lich Schmelztemperatur und Siedetemperatur.&lt;/li&gt;\r\n&lt;/ul&gt;', ''),
(61, 'Arithmetik - Zahlenkunst', 'https://phet.colorado.edu/sims/html/arithmetic/latest/arithmetic_de.html', '&lt;p&gt;Version 1.0.7&lt;/p&gt;\r\n&lt;p&gt;&lt;em&gt;Beherrschen Sie noch das Einmaleins? Frischen Sie Ihre Rechenf&amp;auml;higkeiten mit diesem spannenden Spiel auf (Multiplikation, Division und Faktorisieren).#&lt;/em&gt;&lt;br /&gt;&lt;em&gt;Keine Taschenrechner erlaubt!&lt;/em&gt;&lt;/p&gt;\r\n&lt;p&gt;&lt;strong&gt;Lernziele&lt;/strong&gt;&lt;/p&gt;\r\n&lt;ul&gt;\r\n&lt;li&gt;Lernen Sie mit dem Einmaleins multiplizieren, dividieren und faktorisieren.&lt;/li&gt;\r\n&lt;li&gt;Erh&amp;ouml;hen Sie Ihre Genauigkeit beim Multiplizieren, Dividieren und Faktorisieren.&lt;/li&gt;\r\n&lt;/ul&gt;', ''),
(62, 'Atomare Wechselwirkung', 'https://phet.colorado.edu/sims/html/atomic-interactions/latest/atomic-interactions_de.html', '&lt;p&gt;Version 1.0.1&lt;/p&gt;\r\n&lt;p&gt;&lt;em&gt;Entdecken Sie die Wechselwirkungen zwischen zwei Atomen (verschiedene Kombinationen m&amp;ouml;glich). &lt;/em&gt;&lt;br /&gt;&lt;em&gt;Verdeutlichen Sie die Kr&amp;auml;fte auf die Atome durch Pfeile (entweder die Gesamtkraft oder anziehende und absto&amp;szlig;ende Kraft getrennt)&lt;/em&gt;&lt;br /&gt;&lt;em&gt;Justieren Sie das Lennard-Jones-Potenzial und sehen Sie, wie die &amp;Auml;nderung der Parameter die Interaktion beeinflusst.&lt;/em&gt;&lt;/p&gt;\r\n&lt;p&gt;&lt;strong&gt;Lernziele&lt;/strong&gt;&lt;/p&gt;\r\n&lt;ul&gt;\r\n&lt;li&gt;Erkl&amp;auml;ren Sie, wie anziehende und absto&amp;szlig;ende Kr&amp;auml;fte die Wechselwirkung zwischen Atomen bestimmen.&lt;/li&gt;\r\n&lt;li&gt;Beschreiben Sie die Auswirkung der Tiefe der Potentialmulde auf die atomaren Wechselwirkungen.&lt;/li&gt;\r\n&lt;li&gt;Beschreiben Sie den Prozess der Bindung zwischen zwei Atomen energetisch.&lt;/li&gt;\r\n&lt;/ul&gt;', ''),
(63, 'Bau ein Atom', 'https://phet.colorado.edu/sims/html/build-an-atom/latest/build-an-atom_de.html', '&lt;p&gt;Version 1.2.3&lt;/p&gt;\r\n&lt;p&gt;&lt;em&gt;Bauen Sie sich ein Atom aus Protonen, Neutronen und Elektronen, und sehen Sie, wie sich das Element, dessen Ladung und Masse ver&amp;auml;ndert. Testen Sie Ihre Ideen in einem Spiel!&lt;/em&gt;&lt;/p&gt;\r\n&lt;p&gt;&lt;strong&gt;Lernziele&lt;/strong&gt;&lt;/p&gt;\r\n&lt;ul&gt;\r\n&lt;li&gt;Ermitteln Sie aus der Anzahl der Protonen, Neutronen und Elektronen eines Atoms das Element, dessen Masse und Ladung.&lt;/li&gt;\r\n&lt;li&gt;Sagen Sie voraus, wie Hinzuf&amp;uuml;gen oder Wegnehmen eines Protons, Neutrons oder Elektrons das Element, dessen Ladung und dessen Masse ver&amp;auml;ndert.&lt;/li&gt;\r\n&lt;li&gt;Ermitteln Sie aus dem Namen, der Masse und der Ladung eines Elements die Anzahl der Protonen, Neutronen und Elektronen.&lt;/li&gt;\r\n&lt;li&gt;Definieren Sie die Begriffe Proton, Neutron, Elektron, Atom und Ion.&lt;/li&gt;\r\n&lt;/ul&gt;', ''),
(64, 'Br&uuml;che paaren', 'https://phet.colorado.edu/sims/html/fraction-matcher/latest/fraction-matcher_de.html', '&lt;p&gt;Version 1.1.5&lt;/p&gt;\r\n&lt;p&gt;&lt;em&gt;Verdienen Sie sich Sterne in diesem Bruchrechen-Spiel durch richtiges Kombinieren von Formen und Zahlen. Nehmen sie die Herausforderung auf immer schwierigeren Leveln an. Wie viele Sterne k&amp;ouml;nnen Sie sammeln?&lt;/em&gt;&lt;/p&gt;\r\n&lt;p&gt;&lt;strong&gt;Lernziele&lt;/strong&gt;&lt;/p&gt;\r\n&lt;ul&gt;\r\n&lt;li&gt;Finden Sie die gleichnamigen Br&amp;uuml;che durch Kombination der richtigen Zahlen und Bilder.&lt;/li&gt;\r\n&lt;li&gt;Erzeugen Sie gleichnamige Br&amp;uuml;che durch Kombination verschiedener Zahlen.&lt;/li&gt;\r\n&lt;li&gt;Finden Sie die gleichnamigen in unterschiedlichen Bildmustern.&lt;/li&gt;\r\n&lt;li&gt;Vergleichen Sie Br&amp;uuml;che mit Zahlen und Bildmustern.&lt;/li&gt;\r\n&lt;/ul&gt;', ''),
(65, 'Elektromagnetische Induktion', 'https://phet.colorado.edu/sims/html/faradays-law/latest/faradays-law_de.html', '&lt;p&gt;Version 1.1.7&lt;/p&gt;\r\n&lt;p&gt;&lt;em&gt;Bringen Sie durch Bewegen eines Magnets eine Gl&amp;uuml;hbirne zum Leuchten. Diese Demonstration des FARADAYschen Gesetz k&amp;ouml;nnte Ihnen zeigen, wie Sie Ihre Stromrechnung reduzieren k&amp;ouml;nnten.&lt;/em&gt;&lt;/p&gt;\r\n&lt;p&gt;&lt;strong&gt;Lernziele&lt;/strong&gt;&lt;/p&gt;\r\n&lt;ul&gt;\r\n&lt;li&gt;Erkl&amp;auml;ren Sie, was passiert, wenn sich der Magnet durch die Spule mit unterschiedlichen Geschwindigkeiten bewegt und welche Auswirkungen dies auf die Helligkeit der Lampe und Gr&amp;ouml;&amp;szlig;e und Vorzeichen der Spannung hat.&lt;/li&gt;\r\n&lt;li&gt;Erl&amp;auml;utern Sie den Unterschied f&amp;uuml;r die unterschiedlichen Bewegungsrichtungen des Magneten in der Spule (von rechts nach links oder von links nach rechts).&lt;/li&gt;\r\n&lt;li&gt;Erkl&amp;auml;ren Sie den Unterschied zwischen Magnetbewegungen in der gro&amp;szlig;e Spule gegen&amp;uuml;ber der kleineren Spule.&lt;/li&gt;\r\n&lt;/ul&gt;', ''),
(66, 'Fl&auml;chen belegen', 'https://phet.colorado.edu/sims/html/area-builder/latest/area-builder_de.html', '&lt;p&gt;Version 1.1.3&lt;/p&gt;\r\n&lt;p&gt;&lt;em&gt;Bauen Sie Ihre eigenen farbigen Bl&amp;ouml;cke und untersuchen Sie den Zusammenhang zwischen Umfang und Fl&amp;auml;che. Vergleichen Sie die Fl&amp;auml;che und en Umfang von zwei nebeneinander liegenden Formen.&lt;/em&gt;&lt;br /&gt;&lt;em&gt;Nehmen Sie die Herausforderung im Spielmodus an und ermitteln Sie die Fl&amp;auml;che von seltsamen Figuren. Versuchen Sie, m&amp;ouml;glichst viele Sterne zu sammeln.&lt;/em&gt;&lt;/p&gt;\r\n&lt;p&gt;&lt;strong&gt;Lernziele&lt;/strong&gt;&lt;/p&gt;\r\n&lt;ul&gt;\r\n&lt;li&gt;Ermitteln Sie die Fl&amp;auml;che einer beliebigen Figur durch Ausz&amp;auml;hlen der Einheits-Quadrate.&lt;/li&gt;\r\n&lt;li&gt;Beschreiben Sie die Beziehung zwischen Fl&amp;auml;che und Umfang.&lt;/li&gt;\r\n&lt;li&gt;Erstellen Sie Formen mit gegebener Fl&amp;auml;che oder Umfang.&lt;/li&gt;\r\n&lt;li&gt;Ermitteln Sie die Fl&amp;auml;che einer unregelm&amp;auml;&amp;szlig;igen Form durch Zerlegung in kleinerer, regelm&amp;auml;&amp;szlig;igerer Formen (z.B. Rechtecke, Dreiecke, Quadrate).&lt;/li&gt;\r\n&lt;li&gt;Ermitteln Sie den Slalierungsfakrot f&amp;uuml;r &amp;auml;hnliche Formen.&lt;/li&gt;\r\n&lt;li&gt;Verallgemeinern Sie die Beziehung zwischen Fl&amp;auml;che und Umfang beim Skalieren.&lt;/li&gt;\r\n&lt;/ul&gt;', ''),
(67, 'Funktionen D&uuml;se', 'https://phet.colorado.edu/sims/html/function-builder/latest/function-builder_de.html', '&lt;p&gt;Version 1.0.1&lt;/p&gt;\r\n&lt;p&gt;&lt;em&gt;Spielen Sie mit Funktionen w&amp;auml;hrend Sie die Kunstgeschichte durchst&amp;ouml;bern.&lt;/em&gt;&lt;br /&gt;&lt;em&gt;Entdecken Sie geometrische Transformationen und transformieren Sie Ihr Denken &amp;uuml;ber lineare Funktionen.&lt;/em&gt;&lt;br /&gt;&lt;em&gt;K&amp;ouml;nnen Sie die geheime Funktion finden?&lt;/em&gt;&lt;/p&gt;\r\n&lt;p&gt;&lt;strong&gt;Lernziele&lt;/strong&gt;&lt;/p&gt;\r\n&lt;ul&gt;\r\n&lt;li&gt;Definieren Sie eine Funktion als Regel, welche einem Input Wert genau einem Output Wert zuordnet.&lt;/li&gt;\r\n&lt;li&gt;Sagen Sie Output Werte f&amp;uuml;r gegebene Input Werte voraus.&lt;/li&gt;\r\n&lt;li&gt;Setzen Sie Funktionen zusammen.&lt;/li&gt;\r\n&lt;li&gt;Interpretieren, vergleichen und &amp;uuml;bersetzen Sie die verschiedenen Darstellungen von algebraischen Funktionen.&lt;/li&gt;\r\n&lt;/ul&gt;', ''),
(68, 'Geraden ziehen', 'https://phet.colorado.edu/sims/html/graphing-lines/latest/graphing-lines_de.html', '&lt;p&gt;Version 1.1.8&lt;/p&gt;\r\n&lt;p&gt;&lt;em&gt;Entdecken Sie die Welt der Geraden. Untersuchen Sie die Beziehungen zwischen den linearen Gleichungen, der Steigung und dem Graphen der Geraden. Nehmen Sie die Herausforderung eines Online-Spiels an!&lt;/em&gt;&lt;/p&gt;\r\n&lt;p&gt;&lt;strong&gt;Lernziele&lt;/strong&gt;&lt;/p&gt;\r\n&lt;ul&gt;\r\n&lt;li&gt;Erkl&amp;auml;ren Sie, wie die Steigung einer Gerade berechnet werden kann.&lt;/li&gt;\r\n&lt;li&gt;Zeichnen Sie ein Gerade, wenn deren Gleichung entweder in der Punkt-Abschnitts-Form oder in der Punkt-Steigungs-Form vorliegt.&lt;/li&gt;\r\n&lt;li&gt;Formulieren Sie die Punkt-Abschnitts-Form oder die Punkt-Steigungs-Form einer Geraden aus ihrem Graphen.&lt;/li&gt;\r\n&lt;li&gt;Sagen Sie voraus, wie sich &amp;Auml;nderungen der Variablen in einer lineare Gleichung auf den Graphen auswirkt.&lt;/li&gt;\r\n&lt;/ul&gt;', ''),
(69, 'Gravitationslabor', 'https://phet.colorado.edu/sims/html/gravity-force-lab/latest/gravity-force-lab_de.html', '&lt;p&gt;Version 2.1.0&lt;/p&gt;\r\n&lt;p&gt;&lt;em&gt;Visualisieren Sie die Gravitationskraft, die zwei Massen aufeinander aus&amp;uuml;ben. &amp;Auml;ndern Sie die Eigenschaften der Massen, um zu sehen, wie sich die Schwerkraft &amp;auml;ndert.&lt;/em&gt;&lt;/p&gt;\r\n&lt;p&gt;&lt;strong&gt;Lernziele&lt;/strong&gt;&lt;/p&gt;\r\n&lt;ul&gt;\r\n&lt;li&gt;Erkennen Sie den Zusammenhang zwischen Gravitationskraft, Massen der K&amp;ouml;rper und Abstand zwischen den K&amp;ouml;rpern. Wenden Sie das dritte NEWTONsche Gesetz f&amp;uuml;r Gravitationskr&amp;auml;fte an.&lt;/li&gt;\r\n&lt;li&gt;Entwerfen Sie Experimente, die den quantitativen Zusammenhang zwischen Masse, Entfernung und Gravitationskraft bestimmen.&lt;/li&gt;\r\n&lt;li&gt;Messen Sie die Gravitationskonstante.&lt;/li&gt;\r\n&lt;/ul&gt;', ''),
(70, 'Isotope und Atommasse', 'https://phet.colorado.edu/sims/html/isotopes-and-atomic-mass/latest/isotopes-and-atomic-mass_de.html', '&lt;p&gt;Version 1.0.6&lt;/p&gt;\r\n&lt;p&gt;&lt;em&gt;Sind alle Atome eines Elements wirklich gleich? Wie k&amp;ouml;nnen Sie Isotope unterscheiden? Verwenden Sie die Simulation, um mehr &amp;uuml;ber Isotope zu erfahren, insbesondere wie ihre relative H&amp;auml;ufigkeit mit der Atommasse eines Elements zusammenh&amp;auml;ngt.&lt;/em&gt;&lt;/p&gt;\r\n&lt;p&gt;&lt;strong&gt;Lernziele&lt;/strong&gt;&lt;/p&gt;\r\n&lt;ul&gt;\r\n&lt;li&gt;Definieren Sie den &quot;Isotop&quot; unter Verwendeung der Begriffe Massenzahl, Ordnungszahl, Anzahl der Protonen, Neutronen und Elektronen.&lt;/li&gt;\r\n&lt;li&gt;Ermittlen Sie f&amp;uuml;r ein gegebenes Element Masse und Name eines Isotops.&lt;/li&gt;\r\n&lt;li&gt;Diskutieren Sie folgende Aussage &quot;Die Wahrscheinlichkeit, in der Natur ein Isotop eines Elements zu finden, ist f&amp;uuml;r alle Isotope gleich.&quot;&lt;/li&gt;\r\n&lt;li&gt;Ermitteln Sie die durchschnittliche Atommasse eines Elements aus der H&amp;auml;ufigkeit und Masse seiner Isotope.&lt;/li&gt;\r\n&lt;li&gt;Sagen Sie voraus, wie die Masse und der Namen eines Isotops sich ver&amp;auml;ndert, wenn sich die Anzahl der Protonen, Neutronen oder Elektronen &amp;auml;ndert.&lt;/li&gt;\r\n&lt;li&gt;Sagen Sie voraus, wie sich die durchschnittliche Atommasse eines Elements ver&amp;auml;ndert, wenn die H&amp;auml;ufigkeit seiner Isotope &amp;auml;ndert.&lt;/li&gt;\r\n&lt;/ul&gt;', ''),
(71, 'John Travoltage', 'https://phet.colorado.edu/sims/html/john-travoltage/latest/john-travoltage_de.html', '&lt;p&gt;Version 1.2.4&lt;/p&gt;\r\n&lt;p&gt;&lt;em&gt;Lassen Sie die Funken fliegen mit John Travoltage. &lt;/em&gt;&lt;br /&gt;&lt;em&gt;Sehen Sie, wie Aufladung und Bewegungen seiner Hand ihn unterschiedlich schocken.&lt;/em&gt;&lt;/p&gt;\r\n&lt;p&gt;&lt;strong&gt;Lernziel&lt;/strong&gt;&lt;/p&gt;\r\n&lt;ul&gt;\r\n&lt;li&gt;Erstellen Sie Modelle f&amp;uuml;r die &amp;uuml;blichen Konzepte der statischen Elektrizit&amp;auml;t (Ladungs&amp;uuml;bertragne, Anziehung, Abstossung und Erdung).&lt;/li&gt;\r\n&lt;/ul&gt;', ''),
(72, 'Kr&auml;fte und Bewegung: Grundlagen', 'https://phet.colorado.edu/sims/html/forces-and-motion-basics/latest/forces-and-motion-basics_de.html', '&lt;p&gt;Version 2.1.2&lt;/p&gt;\r\n&lt;p&gt;&lt;em&gt;Welche Kr&amp;auml;fte wirken beim Tauziehen oder wenn Sie einen K&amp;uuml;hlschrank, eine Kiste oder eine Person verschieben? &amp;Uuml;ben Sie eine Kraft aus und beobachten Sie, wie sich das Objekt bewegt. Beeinflussen Sie die Reibungskraft und sehen Sie die Auswirkung auf die Bewegung der Objekte.&lt;/em&gt;&lt;/p&gt;\r\n&lt;p&gt;&lt;strong&gt;Lernziele&lt;/strong&gt;&lt;/p&gt;\r\n&lt;ul&gt;\r\n&lt;li&gt;Erkl&amp;auml;ren Sie, wann sich Kr&amp;auml;fte aufheben und wann nicht.&lt;/li&gt;\r\n&lt;li&gt;Ermitteln Sie bei mehreren Kr&amp;auml;ften die resultierende Kraft (vektorielle Summe) auf ein Objekt.&lt;/li&gt;\r\n&lt;li&gt;Beschreiben Sie die Bewegung eines Objektes, wenn die resultierende Kraft gleich Null ist.&lt;/li&gt;\r\n&lt;li&gt;Sagen Sie die Bewegungsrichtung f&amp;uuml;r eine Kombination von Kr&amp;auml;ften voraus.&lt;/li&gt;\r\n&lt;/ul&gt;', ''),
(73, 'Ladungen und Felder', 'https://phet.colorado.edu/sims/html/charges-and-fields/latest/charges-and-fields_de.html', '&lt;p&gt;Version 1.0.1&lt;/p&gt;\r\n&lt;p&gt;&lt;em&gt;Bewegen Sie Punktladungen auf einem Spielfeld und beobachten Sie das elektrische Feld, Spannungen, &amp;Auml;quipotenziallinien und mehr. Bunt, dynamisch und kostenlos.&lt;/em&gt;&lt;/p&gt;\r\n&lt;p&gt;&lt;strong&gt;Lernziele&lt;/strong&gt;&lt;/p&gt;\r\n&lt;ul&gt;\r\n&lt;li&gt;Welche Variablen bestimmen, wie geladene K&amp;ouml;rper interagieren?&lt;/li&gt;\r\n&lt;li&gt;Sagen Sie voraus, wie geladene K&amp;ouml;rper interagieren.&lt;/li&gt;\r\n&lt;li&gt;Beschreiben Sie St&amp;auml;rke und Richtung des elektrischen Feldes um einen geladenen K&amp;ouml;rper.&lt;/li&gt;\r\n&lt;li&gt;Verwenden Sie Diagramme mit Vektoren, um die Wechselwirkungen zu beschreiben.&lt;/li&gt;\r\n&lt;/ul&gt;', ''),
(74, 'Lambert-Beer&#039;s Absorptionslabor', 'https://phet.colorado.edu/sims/html/beers-law-lab/latest/beers-law-lab_de.html', '&lt;p&gt;Version 1.4.1&lt;/p&gt;\r\n&lt;p&gt;&lt;em&gt;&quot;Je dicker das Glas, je dunkler das Gebr&amp;auml;u, desto weniger Licht kommt hindurch&quot;&lt;/em&gt;&lt;br /&gt;&lt;em&gt; &amp;ldquo;The thicker the glass, the darker the brew, the less the light that passes through.&amp;rdquo; Stellen Sie bunte konzentrierte und verd&amp;uuml;nnte L&amp;ouml;sungen her und messen Sie mit einer virtuellen Spektralphotometer, wie viel Licht diese absorbieren bzw. hindurchlassen,&lt;/em&gt;&lt;/p&gt;\r\n&lt;p&gt;&lt;strong&gt;Lernziele&lt;/strong&gt;&lt;/p&gt;\r\n&lt;ul&gt;\r\n&lt;li&gt;Beschreiben Sie die Beziehungen zwischen dem Volumen und der Menge des gel&amp;ouml;sten Stoffes und der Konzentration der L&amp;ouml;sung.&lt;/li&gt;\r\n&lt;li&gt;Erkl&amp;auml;ren Sie qualitativ die Beziehung zwischen der Farbe der L&amp;ouml;sung und der Konzentration.&lt;/li&gt;\r\n&lt;li&gt;Erkl&amp;auml;ren, wie sich die Konzentration der L&amp;ouml;sung &amp;auml;ndert durch: Hinzuf&amp;uuml;gen oder Entfernen von Wasser, gel&amp;ouml;stem Stoff, L&amp;ouml;sung.&lt;/li&gt;\r\n&lt;li&gt;Berechnen Sie die Konzentration von L&amp;ouml;sungen in der Einheit der Molarit&amp;auml;t (mol/L).&lt;/li&gt;\r\n&lt;li&gt;Stellen Sie eine L&amp;ouml;sung mit einer bestimmten Konzentration her.&lt;/li&gt;\r\n&lt;li&gt;Erkennen Sie, wenn eine L&amp;ouml;sung ges&amp;auml;ttigt ist und sagen Sie voraus, wie sich dann die Konzentration der L&amp;ouml;sung &amp;auml;ndert durch: Hinzuf&amp;uuml;gen oder Entfernen von Wasser, gel&amp;ouml;stem Stoff, L&amp;ouml;sung.&lt;/li&gt;\r\n&lt;li&gt;Beschreiben Sie die Beziehung zwischen der Konzentration der L&amp;ouml;sung und der Intensit&amp;auml;t des adsorbierten bzw. hindurchgelassenen Lichts.&lt;/li&gt;\r\n&lt;li&gt;Beschreiben Sie die Beziehung zwischen Extinktion, molaren Extinktionskoeffizienten, Wegl&amp;auml;nge und Konzentration (LAMBERT-BEERsches Gesetz).&lt;/li&gt;\r\n&lt;li&gt;Erkl&amp;auml;ren Sie, wie und warum sich die Intentit&amp;auml;t des adsorbierten/hindurchgelassenen Lichts ver&amp;auml;ndert bei &amp;Auml;nderung von: Art der L&amp;ouml;sung, Konzentration der L&amp;ouml;sung, Dicke der K&amp;uuml;vette, Lichtquelle.&lt;/li&gt;\r\n&lt;/ul&gt;', ''),
(75, 'Lineare Regression', 'https://phet.colorado.edu/sims/html/least-squares-regression/latest/least-squares-regression_de.html', '&lt;p&gt;Version 1.1.4&lt;/p&gt;\r\n&lt;p&gt;&lt;em&gt;Erstellen Sie einen Zufalls Punktwolke oder verwenden Sie Daten aus der realen Welt und versuchen Sie, eine Trendlinie hindurch zu zeichnen. &lt;/em&gt;&lt;br /&gt;&lt;em&gt;Erkunden Sie, wie einzelne Datenpunkte den Korrelationskoeffizient und die Trendlinie beeinflussen.&lt;/em&gt;&lt;/p&gt;\r\n&lt;p&gt;&lt;strong&gt;Lernziele&lt;/strong&gt;&lt;/p&gt;\r\n&lt;ul&gt;\r\n&lt;li&gt;Interpretieren Sie den Korrelationskoeffizient r, wenn Datenpunkte hinzugef&amp;uuml;gt/weggenommen/verschoben werden.&lt;/li&gt;\r\n&lt;li&gt;Interpretieren Sie die Residuensumme bei der manuellen Anpassung einer Trendlinie.&lt;/li&gt;\r\n&lt;li&gt;Interpretieren Sie die Residuensumme der Trendlinie, wenn Datenpunkte hinzugef&amp;uuml;gt/weggenommen/verschoben werden.&lt;/li&gt;\r\n&lt;li&gt;Vergleichen Sie die Residuensumme zwischen einer manuell angepassten Trendlinie und der berechneten besten Regressionsgerade.&lt;/li&gt;\r\n&lt;li&gt;Sagen Sie voraus, ob eine lineare Regression angemessen ist.&lt;/li&gt;\r\n&lt;/ul&gt;', ''),
(76, 'Molek&uuml;le und Licht', 'https://phet.colorado.edu/sims/html/molecules-and-light/latest/molecules-and-light_de.html', '&lt;p&gt;Version 1.1.12&lt;/p&gt;\r\n&lt;p&gt;&lt;em&gt;Haben Sie sich jemals gefragt, wie ein Treibhausgas das Klima beeinflusst, oder warum die Ozonschicht wichtig ist? Diese Verwenden Sie diese Simulation, um die Wechselwirkung von Licht mit Molek&amp;uuml;len der Atmosph&amp;auml;re zu untersuchen.&lt;/em&gt;&lt;/p&gt;\r\n&lt;p&gt;&lt;strong&gt;Lernziele&lt;/strong&gt;&lt;/p&gt;\r\n&lt;ul&gt;\r\n&lt;li&gt;Entdecken Sie, wie Licht mit Molek&amp;uuml;len in der Atmosph&amp;auml;re wechselwirkt und dass die die Absorption vom Molek&amp;uuml;l und der Strahlungsart abh&amp;auml;ngt.&lt;/li&gt;\r\n&lt;li&gt;Korrelieren Sie die Energie des Lichts mit der resultierenden Bewegung (Energie steigt von Mikrowellen zur ultraviolettem Strahlung an).&lt;/li&gt;\r\n&lt;li&gt;Sagen Sie die Bewegung eines Molek&amp;uuml;ls voraus, wenn die Art des adsorbieren Lichts gegeben ist.&lt;/li&gt;\r\n&lt;li&gt;Korrelieren Sie die Struktur eines Molek&amp;uuml;ls mit der Art und Weise, wie es mit Licht wechselwirkt.&lt;/li&gt;\r\n&lt;/ul&gt;', ''),
(77, 'Transformator', 'https://www.didaktikonline.physik.uni-muenchen.de/materialien/simulationen/laechele/animationen.html', '&lt;p&gt;Lernen Sie mithilfe einer virtuellen Animation den Aufbau und die Funktionsweise eines Transformators kennen.&lt;/p&gt;', ''),
(78, 'Transformator', 'https://www.didaktikonline.physik.uni-muenchen.de/materialien/simulationen/laechele/animationen.html', '&lt;p&gt;Lernen Sie mithilfe einer virtuellen Animation den Aufbau und die Funktionsweise eines Transformators kennen.&lt;/p&gt;', ''),
(79, 'Elektronenkanone', 'https://www.didaktik.physik.uni-muenchen.de/elektronenbahnen/kanone/klassisch/Aufbau.php', '', ''),
(80, 'Schattenkreuzr&ouml;hre', 'https://www.didaktik.physik.uni-muenchen.de/elektronenbahnen/schattenkreuz/ausbreitung/aufbau.php', '', ''),
(81, 'Ablenkung im elektrischen Querfeld', 'https://www.didaktik.physik.uni-muenchen.de/elektronenbahnen/e-feld/hypothesen/Versuchsaufbau.php', '', ''),
(82, 'Ablenkung im magnetischen Feld', 'https://www.didaktik.physik.uni-muenchen.de/elektronenbahnen/b-feld/B-Feld/Helmholtzspulenpaar.php', '', ''),
(83, 'Elektronenbeugung', 'https://www.didaktik.physik.uni-muenchen.de/elektronenbahnen/elektronenbeugung/einfuehrung/versuchsaufbau.php', '', ''),
(84, 'Dipolstrahlung - Visualisierung', 'https://www.didaktikonline.physik.uni-muenchen.de/programme/dipolstr/Dipolstr1c.html?m=101001', '', ''),
(85, 'E-Feld', 'https://www.didaktikonline.physik.uni-muenchen.de/programme/e_feld/E_Feld_min.html', '', ''),
(86, 'Wellenmaschine', 'https://www.didaktikonline.physik.uni-muenchen.de/programme/wellen_1d/index.html', '', ''),
(87, 'Bewegungsgleichung', 'https://www.didaktik.physik.uni-muenchen.de/sims/multikodierung/', '&lt;p&gt;Gleichf&amp;ouml;rmige Bewegung&lt;/p&gt;\r\n&lt;p&gt;Gleichm&amp;auml;&amp;szlig;ig beschleunigte Bewegung&lt;/p&gt;', ''),
(88, 'Kr&auml;ftezerlegung', 'https://www.didaktik.physik.uni-muenchen.de/sims/schiefe_ebene/', '&lt;p&gt;Kr&amp;auml;fteparallelogramm&lt;/p&gt;', ''),
(89, 'Kr&auml;ftezerlegung - situatives Wissen', 'https://www.didaktik.physik.uni-muenchen.de/sims/schlitten/', '', ''),
(90, 'Strahlungshaushalt', 'https://www.didaktik.physik.uni-muenchen.de/sims/strahlungshaushalt/', '', ''),
(91, 'HRD von Sternhaufen zur Bestimmung der Entfernung (Entfernungsmodul)', 'https://ludwigsgymnasium-muenchen.de//MPe/ClusterFitting/index.php', '', ''),
(92, 'Periode von Cepheiden bestimmen', 'https://ludwigsgymnasium-muenchen.de//MPe/Cepheiden/light_curve.php', '', ''),
(93, 'Periode-Helligkeit Beziehung von Cepheiden', 'https://ludwigsgymnasium-muenchen.de//MPe/Cepheiden/M_P_Beziehung.php', '', '');

--
-- Daten für Tabelle `v_simulationen_themen_match`
--

INSERT INTO `v_simulationen_themen_match` (`simID`, `themaID`) VALUES
(6, 1),
(9, 1),
(10, 1),
(49, 1),
(50, 1),
(51, 1),
(54, 1),
(74, 1),
(2, 2),
(8, 2),
(12, 2),
(16, 2),
(18, 2),
(22, 2),
(23, 2),
(29, 2),
(30, 2),
(32, 2),
(34, 2),
(35, 2),
(37, 2),
(41, 2),
(44, 2),
(47, 2),
(48, 2),
(53, 2),
(69, 2),
(72, 2),
(87, 2),
(88, 2),
(89, 2),
(59, 3),
(60, 3),
(90, 3),
(21, 4),
(36, 4),
(45, 4),
(62, 4),
(63, 4),
(70, 4),
(76, 4),
(7, 5),
(14, 5),
(17, 5),
(27, 5),
(31, 5),
(38, 5),
(39, 5),
(40, 5),
(42, 5),
(46, 5),
(65, 5),
(71, 5),
(73, 5),
(77, 5),
(78, 5),
(79, 5),
(80, 5),
(81, 5),
(82, 5),
(83, 5),
(84, 5),
(85, 5),
(13, 6),
(15, 6),
(19, 6),
(20, 6),
(24, 6),
(25, 6),
(26, 6),
(28, 6),
(33, 6),
(43, 6),
(52, 6),
(55, 6),
(56, 6),
(57, 6),
(86, 6),
(91, 7),
(92, 7),
(93, 7);
COMMIT;
